question,answer
Tôi phải làm gì khi bị mất thẻ?,"Hướng dẫn khi mất thẻ: Khi bị mất thẻ, điều đầu tiên bạn nên làm là khóa thẻ để đảm bảo an toàn cho tài khoản của bạn với các cách sau: Cách 1: Khóa thẻ tạm thời qua Techcombank Mobile Bước 1: Đăng nhập Techcombank Mobile Bước 2: Chọn mục Tài khoản và Thẻ tại trang chủ Bước 3: Lựa chọn Thẻ cần khóa Bước 4: Chọn Khóa thẻ (Thẻ bị khóa sẽ không thể thực hiện các giao dịch thanh toán trực tuyến, quẹt thẻ tại POS và rút tiền tại ATM) Cách 2: Gọi điện lên tổng đài Khách hàng cá nhân 1800 588 822 (miễn phí) để yêu cầu khóa thẻ."
Techcombank có chức năng thanh toán bằng mã QR không?,Thanh toán bằng mã QR qua Techcombank Mobile Hiện tại tính năng thanh toán qua QR code của Techcombank được chấp nhận thanh toán tại tất cả các đơn vị thanh toán của VN PAY và mPOS. Quý khách cần sử dụng ứng dụng Techcombank Mobile để có thể trải nghiệm tính năng thanh toán bằng QRcode này: Bước 1: Đăng nhập Techcombank Mobile Bước 2: Chọn mục Quét mã QR Bước 3: Xem thông tin và nhập số tiền cần thanh toán Bước 4: Xác thực và thanh toán
Dịch vụ chuyển khoản nhanh 24/7 có gì khác so với chuyển liên ngân hàng?,"Chuyển tiền 24/7 và chuyển tiền liên ngân hàng Khi sử dụng dịch vụ chuyển khoản nhanh 24/7, bạn sẽ được trải nghiệm thao tác chuyển tiền đơn giản, rút ngắn thời gian trong việc nhận và chuyển tiền ngoài Techcombank. Việc chuyển tiền thực hiện được mọi lúc, không bị phụ thuộc vào thời gian giao dịch của Ngân hàng. Hiện tại, các giao dịch chuyển khoản trên Techcombank Mobile được mặc định là chuyển khoản 24/7. Trong khi đó, khi chuyển thường, bạn cần chờ trong vòng 1 ngày làm việc để giao dịch được thực hiện thành công."
Tôi muốn nâng hạn mức chuyển khoản?,"Cách để nâng hạn mức chuyển khoản qua Techcombank Mobile Hạn mức chuyển khoản của bạn được mặc định là 500.000.000VNĐ/ngày trên Techcombank Mobile, áp dụng với chuyển nhanh 24/7 và chuyển liên ngân hàng. Trong trường hợp muốn chuyển với số tiền lớn hơn nhưng không vượt quá 5 tỷ VNĐ, bạn có thể đăng nhập Techcombank Mobile để thay đổi hạn mức. Hạn mức mới thay đổi sẽ có hiệu lực trong vòng 30 ngày, sau đó sẽ trở lại hạn mức mặc định 500 triệu đồng/ngày."
Thông tin sinh trắc học của tôi sẽ sử dụng vào mục đích gì tại Ngân hàng?,"Bắt đầu từ ngày 01/07/2024, Techcombank sẽ áp dụng thêm bước xác thực bằng sinh trắc học cho các giao dịch của quý khách, nhằm đáp ứng tiêu chuẩn bảo mật của Ngân hàng Nhà nước (NHNN) đề ra cũng như bảo vệ tài sản của khách hàng khi thực hiện một số giao dịch trên kênh ngân hàng số. Nếu thông tin khớp thì giao dịch sẽ được thực hiện, nếu thông tin không khớp thì hệ thống sẽ yêu cầu Quý khách chụp lại và chưa thực hiện giao dịch tại thời điểm đó."
Tôi vào đâu trên Techcombank Mobile để biết trạng thái cập nhật thông tin sinh trắc học của bản thân?,"Để kiểm tra trạng thái thông tin sinh trắc học quý khách vui lòng thực hiện theo hướng dẫn sau trên Techcombank Mobile: Bước 1: Truy cập Techcombank Mobile, chọn biểu tượng trên cùng tay trái, chọn ""Cài đặt"", sau đó chọn ""Thông tin cá nhân"", Bước 2: Tại trường thông tin ""Thông tin sinh trắc học"" có trạng thái là ""Đã bổ sung"" thì quý khách đã cập nhật thông tin sinh trắc học thành công, còn nếu màn hình hiển thị thông báo với nội dung ""Bổ sung thông tin sinh trắc học để hoàn thiện bảo mật tài khoản"", quý khách chưa hoàn tất đăng ký và cần bổ sung thông tin sinh trắc học"
Làm thế nào để tôi biết thiết bị của mình có hỗ trợ đọc thông tin CCCD gắn chip?,"Khi thao tác theo hướng dẫn trên Techcombank Mobile để bổ sung thông tin sinh trắc học, tại màn hình giới thiệu, quý khách bấm vào ""Bổ sung ngay"" hệ thống sẽ tự động nhận diện thiết bị di động của quý khách có đủ điều kiện đọc chip trên CCCD (NFC). Nếu xuất hiện màn hình thông báo ""Vui lòng ghé chi nhánh để bổ sung thông tin"" thể hiện thiết bị di động của quý khách không hỗ trợ công nghệ này."
"Tôi sử dụng CMND cũ để mở tài khoản, giờ bổ sung thông tin sinh trắc học trên CCCD gắn chip thì tôi có phải ra ngân hàng cập nhật lại thông tin không?","Để đảm bảo trải nghiệm liền mạch khi thực hiện bổ sung thông tin sinh trắc học bằng CCCD gắn chip, Techcombank hỗ trợ thêm cập nhật thông tin CCCD trên hệ thống khi Quý khách hoàn tất việc bổ sung thông tin sinh trắc học. Quý khách có thể cập nhật thông tin CCCD khi bổ sung thông tin sinh trắc học trên ứng dụng Techcombank Mobile (áp dụng với thiết bị hỗ trợ đọc thông tin chip NFC) hoặc tại các chi nhánh của Techcombank. Đối với khách hàng đang có CMT/CCCD cũ sẽ được hỗ trợ cập nhật sinh trắc học tại Quầy giao dịch của Techcombank"
"Sau 01/07/2024, tôi phải cập nhật sinh trắc học thì mới giao dịch được?","Sau 01/07/2024, những giao dịch trực tuyến nằm trong quy định của NHNN và Techcombank sẽ yêu cầu xác thực bằng sinh trắc học. Còn các giao dịch trực tuyến không nằm trong quy định NHNN và Techcombank sẽ vẫn được thực hiện giao dịch như bình thường. Từ ngày 01/01/2025, theo thông tư 17/2024/TT-NHNN, khách hàng không thể thực hiện được giao dịch trên Techcombank Mobile, Techcombank Online Banking, giao dịch thẻ nếu chưa cập nhật sinh trắc học."
Điện thoại của tôi không có faceID thì có cập nhật được không?,"Cập nhật sinh trắc học được thực hiện bằng cách chụp ảnh bằng máy ảnh phía trước của điện thoại, vì vậy trong trường hợp thiết bị của Quý khách không có FaceID sẽ không bị ảnh hưởng."
Tôi có thể nhờ người thân mang hộ chứng minh thư đi làm hộ được không? Và thực hiện qua hình thức nào?,Hiện tại Techcombank chỉ có 2 kênh để thực hiện cập nhật sinh trắc học: 1. Techcombank Mobile 2. Quầy giao dịch của Techcombank Quý khách cần sử dụng giấy tờ tuỳ thân của chính mình và chính mình thực hiện cập nhật thông tin sinh trắc học.
Tôi mở tài khoản bằng hình thức NFC đã thu thập thông tin từ chip của CCCD sao giờ lại bắt thu thập lại?,"Kể từ ngày 31/03/2024, những khách hàng mở tài khoản qua hình thức NFC từ CCCD gắn chip sẽ không cần thu thập lại thông tin sinh trắc học"
Tôi có thể cập nhật sinh trắc học sau 01/07/2024 được không? Và tôi có thể cập nhật qua hình thức nào?,"Sau 01/07/2024, khách hàng vẫn có thể cập nhật sinh trắc học qua Techcombank Mobile hoặc mang theo thẻ CCCD gắn chip tới các chi nhánh/phòng giao dịch của Techcombank, các chuyên viên sẽ hỗ trợ cập nhật. Câu hỏi chung - Thẻ Thanh toán :"
"Tôi dùng thẻ của Techcombank để rút tiền trên ATM của ngân hàng khác nhưng đã bị nuốt thẻ. Vậy, tôi phải liên lạc với ngân hàng nào để lấy lại thẻ?",Quý khách có thể gọi số Hotline: 1800588822 hoặc đến bất kỳ điểm giao dịch nào của Techcombank để được hướng dẫn hỗ trợ
"Tôi đang ở nước ngoài, thẻ không giao dịch được, tôi phải làm gì?",Có nhiều lý do khiến thẻ của Quý khách hàng không giao dịch được. Quý khách vui lòng liên hệ Hotline của Techcombank 24/7- số điện thoại ở mặt sau của thẻ để được hỗ trợ kiểm tra tình trạng thẻ
"Khi giao dịch rút tiền, tôi nhận được tiền bị rách,nhàu nát hoặc mất góc, tôi phải làm gì?",Quý khách có thể tới bất cứ chi nhánh/phòng giao dịch của Techcombank để đổi tiền. Giao dịch này sẽ ko bị mất phí.
"Khi giao dịch tại siêu thị, do hết giấy in hóa đơn, nhân viên đã quẹt thẻ của tôi hai lần, tài khoản báo bị trừ tiền 2 lần, tôi phải làm gì?",Quý khách cần thực hiện 2 bước sau: 1. Ký tên trên 1 hóa đơn thanh toán (liên dành cho đơn vị) 2. Đồng thời gọi số Hotline ở mặt sau thẻ để được hỗ trợ tra soát
Nhận biết số tài khoản?,"Quý khách có thể thực hiện một trong các cách sau: 1. Đưa thẻ vào máy ATM Techombank bất kỳ để có thông tin; hoặc 2. Gọi đến Hotline của Techcombank theo số 1800 588 822 bằng số điện thoạiđã đăng ký với ngân hàng; hoặc 3. Tra cứu qua dịch vụ F@st i-bank, F@st Mobile"
"Tôi muốn phát hành thẻ của Techcombank với đuôi thẻ, hoặc số tài khoản là số đẹp chọn có được không?","Tại thời điểm hiện tại, hệ thống cá thể hóa thẻ là bảo mật, không thể can thiệp nên không thể chọn theo yêu cầu của Quý khách được. Tuy nhiên có thể chọn ID khách hàng với số đẹp và mất phí theo quy định từng thời kỳ của Ngân hàng."
"Để có thể sử dụng thẻ thanh toán/thẻ tín dụng quốc tế Techcombank Visa, tôi có bắt buộc phải đổi PIN lần đầu tại ATM không?",Quý khách có thể sử dụng chính PIN do Techcombank cấp hoặc có thể đổi sang PIN khác (tại ATM Techcombank) để sử dụng thẻ.
"Tôi đã quên PIN thẻ, tôi phải làm gì?",Quý khách có thể đến bất kỳ điểm giao dịch của Techcombank để đề nghị cấp lại PIN hoặc gửi yêu cầu cấp lại PIN qua dịch vụ F@st i-bank. Phí cấp lại PIN được Techcombank quy định theo từng thời kỳ. Biểu phí cấp lại pin dành cho thẻ Thanh toán/thẻ tín dụng tại đây
"Tôi không còn nhớ PIN thẻ của mình, tôi có thể gọi lên Hotline để mở PIN được không?","Trong trường hợp này, Quý khách cần đăng ký qua F@st i-bank hoặc chi nhánh/phòng giao dịch để yêu cầu cấp PIN mới. Quý khách chỉ gọi lên Hotline trong trường hợp thẻ bị khóa do nhập sai PIN và vẫn nhớ PIN của mình."
CVV2 là gì?,CVV là viết tắt của Card Verification Value. CVV2 là mã số nhằm xác thực chủ thẻ khi thực hiện các giao dịch thanh toán bằng thẻ trên Internet
"Thẻ Visa của tôi khi thanh toán Internet thì phát hiện ra số CVV2 ở mặt sau thẻ chỉ có 2 số/bị mờ không đọc được, dẫn tới tôi không thể thanh toán được, tôi có thể xin cấp lại hoặc được hỗ trợ gì không?","Trong trường hợp thời điểm khiếu nại chưa quá 6 tháng kể từ khi thẻ phát hành, Techcombank sẽ thu hồi thẻ và xem xét hỗ trợ phát hành lại miễn phí. Trường hợp quá 6 tháng, Quý khách vui lòng tới chi nhánh/phòng giao dịch của Techcombank để phát hành lại thẻ mới theo quy định."
Giao dịch MOTO là gì?,"Giao dịch MOTO (Mail Order/Phone Order): là giao dịch mà chủ thẻ sử dụng thông tin thẻ đặt mua hàng hóa, dịch vụ từ Đơn vị chấp nhận thẻ (ĐVCNT) qua điện thoại hoặc email hoặc các phương tiện truyền thông khác. Trong đó, thẻ và/hoặc chủ thẻ không phải hiện diện trực tiếp tại ĐVCNT.a"
"Thẻ của tôi mới phát hành nhưng không sử dụng được, tôi có được ngân hàng hỗ trợ gì không?","Tùy thuộc vào thời điểm phát hành thẻ và nguyên nhân dẫn tới thẻ không sử dụng được. Nếu nguyên nhân lỗi không thuộc về khách hàng, Techcombank sau khi tiếp nhận khiếu nại sẽ xem xét hỗ trợ để Quý khách có thể tiếp tục sử dụng dịch vụ thẻ của Techcombank."
"Thẻ của tôi bị gẫy hỏng, không sử dụng được nữa, tôi phải làm gì?",Quý khách có thể đến bất kỳ điểm giao dịch nào của Techcombank để yêu cầu phát hành lại thẻ
Tôi giao dịch thẻ qua Internet nhưng không có mật khẩu OTP (One-time password)?,Quý khách chỉ sử dụng được mật khẩu OTP tại các website có tích hợp dịch vụ 3D Secure Verified by Visa
"Tôi muốn nâng hạn mức chuyển khoản qua dịch vụ ngân hàng điện tử, tôi có thể đăng ký qua kênh này được không? Có bị mất phí cho yêu cầu này không?","KH có thể tới bất kỳ CN/PGD của Techcombank để được hỗ trợ đăng ký thay đổi hạn mức giao dịch hoặc sử dụng dịch vụ đăng ký thay đổi Hạn mức giao dịch trực tuyến trên ứng dụng F@st Mobile (lên đến 3 tỷ VND) Yêu cầu của KH được hỗ trợ hoàn toàn miễn phí (Lưu ý: đăng ký hạn mức trên F@st Mobile chỉ có tác dụng trên F@st Mobile, ko có tác dụng trên F@st ibank)"
Với yêu cầu nâng hạn mức sử dụng thẻ tạm thời tôi có bị mất phí không?,"Trong trường hợp này, Quý khách không bị mất phí."
"Khi thanh toán thẻ bằng USD, tôi phải chịu phí gì?",#NAME?
Chương trình Zero-fee của Techcombank áp dụng như thế nào?,"Áp dụng cho toàn bộ khách hàng sử dụng dịch vụ ngân hàng điện tử của Techcombank: miễn toàn bộ phí chuyển khoản (bao gồm cả chuyển khoản liên ngân hàng, chuyển khoản nhanh 24/7 và chuyển tiền trong hệ thống Techcombank), miễn phí toàn bộ giao dịch thanh toán, miễn phí đăng ký và phí duy trì dịch vụ."
Tôi có thể thực hiện yêu cầu trợ giúp thẻ qua kênh nào?,"Các yêu cầu trợ giúp như: khóa/mở khóa thẻ, đăng ký/hủy tính năng thanh toán thẻ qua Internet, đăng ký/hủy trích nợ tự động ..., Quý khách có thể thực hiện qua các kênh sau: - Chi nhánh/phòng giao dịch bất kỳ của Techcombank - F@st i-bank - Dịch vụ Khách hàng Techcombank qua số hotline: 1800588822 (nếu đang ởViệt Nam) hoặc (84- 24) 39449626 (nếu đang ở nước ngoài) - Máy ATM của Techcombank Với yêu cầu trợ giúp phát hành lại thẻ hoặc nâng hạn mức thẻ tín dụng : Quý khách vui lòng đến bất kỳ điểm giao dịch của Techcombank để yêu cầu"
Tôi có thể thực hiện yêu cầu trợ giúp thẻ nào qua Hotline Dịch vụ Khách hàng của Techcombank?,"Quý khách có thể thực hiện các yêu cầu sau qua tổng đài DVKH Techcombank: khóa thẻ tạm thời, khóa thẻ vĩnh viễn, khóa tính năng thanh toán qua internet, resset lại PIN (nếu KH còn nhớ PIN), tra soát khiếu nại và thu hồi thẻ nuốt Tôi có thể thực hiện yêu cầu trợ giúp thẻ nào qua ATM của Techcombank Quý khách có thể thực hiện yêu cầu đăng ký/hủy đăng ký tính năng thanh toán qua Internet Đăng ký Dịch vụ Ngân hàng trực tuyến E-Banking Khách hàng có thể đăng ký trực tuyến tài khoản E-Banking bằng cách sử dụng thông tin thẻ do Techcombank phát hành (bao gồm Thẻ thanh toán & Thẻ tín dụng đang hoạt động) tại đây. Việc đăng ký hoàn toàn miễn phí và tài khoản ngân hàng điện tử sẽ được sử dụng ngay lập tức. Ngoài ra, khách hàng có thể đăng ký tại bất kỳ CN/PGD của Techcombank. Quên Tên Đăng Nhập hoặc Mật Khẩu Ngân hàng trực tuyến E-Banking Quý khách có thể đăng ký khôi phục mật khẩu tại CN/PGD Techcombank hoặc thực hiện khôi phục mật khẩu trực tuyến tại đây"
"Tôi nhận được tin nhắn ưu đãi giảm giá từ Techcombank khi mua sắm tại Vascara và một vài thương hiệu khác lên đến 10% tại các cửa hàng trên toàn quốc, tôi phải làm gì để sử dụng?","Quý khách có thể đến bất kỳ cửa hàng nào của Vascara hoặc các thương hiệu khác mà Quý khách nhận được thông tin ưu đãi từ Techcombank trên toàn quốc, chọn lựa sản phẩm muốn mua và thực hiện thanh toán bằng thẻ Techcombank. Khi thực hiện thanh toán, yêu cầu thu ngân áp dụng ưu đãi dành riêng cho chủ thẻ Techcombank, Quý khách sẽ được giảm giá trực tiếp trên tổng hóa đơn"
Tôi muốn tìm hiểu các thông tin ưu đãi dành cho chủ thẻ thì phải tìm kiếm thông tin này ở đâu?,Quý khách có thể lên Website chính thức của Techcombank https://www.techcombank.com.vn để tìm hiểu thêm các thông tin ưu đãi dành riêng cho chủ thẻ Techcombank hoặc tra cứu thông tin tại hộp email cá nhân của Quý khách với các email Bản tin ưu đãi được gửi từ Techcombank
"Tôi có nhận được email thông báo ưu đãi khi mua hàng tại một thương hiệu mỹ phẩm với code 'Techcombank', tôi phải thực hiện thế nào?","Quý khách truy cập trang web chính thức của thương hiệu mỹ phẩm đó để thực hiện mua và thanh toán, đến bước nhập mã ưu đãi, nhập mã TECHCOBANK để được giảm giá trực tiếp cho đơn hàng của mình."
"Tôi được biết thông tin ưu đãi lên đến 20% của Techcombank khi mua vé Máy bay tại AirAsia, hình thức ưu đãi này là thế nào?","Quý khách truy cập website chính thức của Air Asia, lựa chọn hành trình và thực hiện thanh toán. Tại bước thanh toán, Quý khách chỉ cần nhập thông tin thẻ để thanh toán, nếu thông tin ưu đãi Quý khách nhận được yêu cầu nhập Mã Code để áp dụng ưu đãi thì Quý khách nhập mã code. Nếu không đề cập mã code, ưu đãi sẽ được áp dụng thông qua thông tin thẻ của Techcombank, sau khi Quý khách nhập thông tin thẻ, giá sẽ được cập nhật mức giá ưu đãi đã giảm và Quý khách kết thúc giao dịch mua hàng"
"Khi bị mất thẻ, tôi cần làm gì?","Khi bị mất thẻ, Quý khách cần liên hệ ngay với Techcombank để thực hiện khóa thẻ bằng các cách sau: - Thực hiện khóa thẻ online qua dịch vụ F@st i Banking/F@st Mobile củaTechcombank - Gọi điện đến số hotline của Techcombank: 1800588822/1800588823 (miễnphí) (nếu đang ở Việt Nam) hoặc +84-24-3944 9626 (nếu đang ở nước ngoài) để được hỗ trợ khóa thẻ - Email đến hòm mail Dịch vụ Khách hàng 24/7 của Techcombank: call_center@techcombank.com.vn hoặc đến bất kỳ điểm giao dịch nào của Techcombank Sau đó, Quý khách có thể đề nghị phát hành lại thẻ mới tại bất kỳ điểm giao dịch nào của Techcombank."
Tôi phải làm gì khi rút tiền tại ATM mà tiền không ra nhưng tài khoản đã bị trừ tiền?,"Quý khách hàng vui lòng liên hệ với Techcombank để được trợ giúp theo một trong các cách sau: - Liên hệ với Dịch vụ khách hàng 24/7 của Techcombank theo số: 1800 588 822/1800 588 823 (nếu gọi trong lãnh thổ Việt Nam) hoặc +84 24 3944 9626 (nếu gọi từ nước ngoài), email: call_center@techcombank.com.vn - Đến bất kỳ điểm giao dịch nào của Techcombank - Thực hiện yêu cầu tra soát qua dịch vụ F@st i-Bank"
Tôi phải làm gì khi chỉ thực hiện giao dịch 1 lần nhưng tài khoản bị trừ tiền 2 lần?,"Quý khách hàng vui lòng liên hệ với Techcombank để được trợ giúp theo một trong các cách sau: - Liên hệ với Dịch vụ khách hàng 24/7 của Techcombank theo số: 1800 588 822/1800 588 823 (nếu gọi trong lãnh thổ Việt Nam) hoặc +84 24 3944 9626 (nếu gọi từ nước ngoài), email: call_center@techcombank.com.vn - Đến bất kỳ điểm giao dịch nào của Techcombank- Thực hiện yêu cầu tra soát qua dịch vụ F@st i- Bank Thẻ tín dụng Techcombank Spark :"
Thẻ tín dụng quốc tế Techcombank Spark có mấy hạng và hạn mức tín dụng của mỗi hạng là bao nhiêu?,"Thẻ tín dụng quốc tế Techcombank Spark là thẻ thuộc hạng Platinum của MasterCard, hạn mức tín dụng từ 50 triệu VNĐ trở lên."
Tôi muốn đăng ký phát hành thẻ tín dụng quốc tế Techcombank Spark nhưng không có đủ giấy tờ chứng minh thu nhập. Vậy tôi nên làm gì?,"Nếu Quý khách hàng đang là Khách hàng hiện hữu của VinID và thỏa mãn điều kiện phát hành thẻ tín dụng quốc tế Techcombank Spark, chúng tôi sẽ chủ động liên hệ hoặc có thông báo qua ứng dụng trên điện thoại thông minh của Quý khách."
"Tôi đã có thẻ tín dụng quốc tế Techcombank Visa, vậy tôi có thể phát hành thêm thẻ tín dụng quốc tế Techcombank MasterCard không?","Có. Quý khách hàng có thể duy trì cùng lúc 2 loại thẻ tín dụng. Tuy nhiên, tổng hạn mức tín dụng cả hai thẻ tín dụng của Quý khách hàng tại cùng một thời điểm không được vượt quá hạn mức tín dụng tối đa được Techcombank cấp cho Quý khách hàng."
Chủ thẻ phụ thẻ tín dụng quốc tế Techcombank Spark được cấp hạn mức tín dụng như thế nào?,"Được sử dụng chung hạn mức với chủ thẻ chính, hạn mức cụ thể do chủ thẻ chính yêu cầu nhưng không vượt quá hạn mức tín dụng ngân hàng đã cấp cho chủ thẻ chính"
"Tôi muốn phát hành thẻ phụ thẻ tín dụng quốc tế Techcombank Spark cho con tôi. Vậy, con tôi có cần phải chứng minh thu nhập không?","Theo qui định của Techcombank, chủ thẻ phụ không cần phải chứng minh thu nhập"
Ngày sao kê là gì? Làm sao để biết ngày sao kê của thẻ tín dụng?,Ngày sao kê là ngày Techcombank lập Sao kê liệt kê chi tiết các giao dịch phát sinh trong Kỳ sao kê liên quan đến việc phát hành và sử dụng thẻ tín dụng của Quý khách hàng (bao gồm thẻ chính và thẻ phụ). Ngày sao kê được thể hiện trên sao kê gửi cho Quý khách hàng.
Tôi có thể kích hoạt thẻ tín dụng Techcombank Spark bằng những cách nào?,"Có 2 hình thức kích hoạt thẻ tín dụng: Quý khách hàng soạn tin nhắn theo cú pháp: TCBKHT <6 số đầu 4 số cuối của thẻ> gửi đến 8049. Ví dụ: TCBKHT 4220751234 0123456789 HOẶC Quý khách truy cập ứng dụng F@st Mobile của Techcombank, mục Thẻ để kích hoạt Thẻ."
"Để có thể sử dụng thẻ tín dụng quốc tế Techcombank Spark, tôi có bắt buộc phải đổi PIN lần đầu tại ATM không?",Không. Quý khách có thể sử dụng thẻ ngay mà không cần đổi PIN lần đầu tại ATM.
Tôi có thể đổi ngày sao kê khác không?,"Techcombank quy định ngày sao kê với mỗi loại thẻ tín dụng cụ thể. Nếu muốn sử dụng thẻ với ngày sao kê khác ngày hiện tại, Quý khách cần làm yêu thay đổi loại thẻ/hạng thẻ phù hợp với ngày sao kê đó. Trong một số trường hợp, Quý khách cần hủy và tất toán hết dư nợ của thẻ cũ."
Làm thế nào để có thể thanh toán dư nợ của thẻ tín dụng?,"Quý khách hàng có thể thanh toán dư nợ của thẻ tín dụng bằng một trong các cách sau: Ghi nợ tự động: Quý khách hàng đăng ký dịch vụ ghi nợ tự động tại bất kỳ điểm giao dịch nào của Techcombank hoặc qua dịch vụ F@st i-Bank (Internet Banking). Quý khách hàng có thể đăng ký thanh toán giá trị tối thiểu hoặc thanh toán toàn bộ dư nợ sao kê của thẻ tín dụng. Thanh toán qua dịch vụ F@st i-Bank hoặc F@st Mobile hoặc ATM: Quý khách hàng thực hiện chuyển khoản/thanh toán dư nợ thẻ tín dụng online từ tài khoản thanh toán của Quý khách hàng mở tại Techcombank sang tài khoản thẻ tín dụng. Nộp tiền mặt hoặc chuyển khoản tại quầy giao dịch của Techcombank: Quý khách hàng có thể đến bất kỳ điểm giao dịch nào của Techcombank để thực hiện thanh toán dư nợ thẻ tín dụng bằng cách nộp tiền mặt hoặc chuyển khoản từ tài khoản thanh toán mở tại Techcombank vào tài khoản thẻ tín dụng. Chuyển khoản từ ngân hàng khác: Quý khách hàng chuyển khoản từ ngân hàng khác với các thông tin: họ tên của Quý khách hàng, số tài khoản thẻ tín dụng của Quý khách hàng (được thể hiện rõ trên Sao kê định kỳ)."
"Khi sử dụng thẻ tín dụng quốc tế Techcombank Spark để rút tiền mặt tại ATM của ngân hàng khác, tôi có phải trả phí không? Mức phí là bao nhiêu?","Với giao dịch rút tiền bằng thẻ tín dụng quốc tế Techcombank Spark tại ATM của ngân hàng khác, Techcombank sẽ thu mức phí là 4% giá trị giao dịch và tối thiểu là 100.000 đồng (đã bao gồm 10%VAT). Ngoài ra, Quý khách hàng có thể chịu thêm một mức phí do ngân hàng chủ quản ATM thu, mức phí này là khác nhau tùy theo quy định của từng ngân hàng."
Tôi thực hiện thanh toán bằng thẻ tín dụng quốc tế Techcombank Spark và trả cho cửa hàng bằng USD thì tôi có phải trả phí không?,"Khi sử dụng thẻ tín dụng Techcombank Spark để thanh toán các hóa đơn bằng ngoại tệ, Techcombank sẽ thu phí quản lý chi tiêu ngoại tệ của Quý khách hàng với mức phí theo quy định của Techcombank trong từng thời kỳ. Vui lòng xem biểu phí tại đây."
Tôi chuyển khoản thanh toán thẻ tín dụng lúc 22h tại ngày đến hạn thì có bị tính phí chậm thanh toán không?,Có. Việc thanh toán nợ của Quý khách hàng chỉ được tính là thành công khi hệ thống của Techcombank ghi nhận được giao dịch của Quý khách hàng (Techcombank nhận được báo có với số tiền thực báo có). Số tiền thanh toán nhận được sau giờ làm việc của Techcombank sẽ được tính sang ngày làm việc kế tiếp
"Tôi đăng ký trích nợ giá trị tối thiểu, vào ngày đến hạn thanh toán tôi đã trả nhiều hơn mức tối thiểu thì hệ thống có trích nợ tiếp không?","Trong trường hợp này hệ thống không trích nợ tiếp. Nếu muốn thanh toán toàn bộ dư nợ sao kê, Quý khách hàng nộp/chuyển tiền vào tài khoản thẻ tín dụng để thanh toán."
Ngày sao kê của tôi là Chủ nhật ngày 10/12 thì được chuyển sang ngày nào?,"Nếu ngày sao kê trùng với ngày thứ 7, chủ nhật hoặc ngày lễ thì Ngày sao kê sẽ được chuyển lên trước đó 02 ngày làm việc.Cụ thể, ngày sao kê được chuyển sang Thứ 6 ngày 08/12."
"Khi truy cập sao kê điện tử e-statement, tôi cần nhập thông tin gì?",Quý khách hàng cần nhập 4 số cuối của thẻ và nhập mã bảo mật ngẫu nhiên do hệ thống cung cấp tự động Thẻ tín dụng Vietnam Airilines Techcombank Visa :
Thẻ tín dụng quốc tế Vietnam Airlines Techcombank Visa có mấy hạng và hạn mức tín dụng của mỗi hạng là bao nhiêu?,Thẻ tín dụng quốc tế Vietnam Airlines Techcombank Visa gồm 3 hạng: - Hạng Chuẩn: hạn mức tín dụng từ 10 triệu đến dưới 50 triệu đồng - Hạng Vàng: hạn mức tín dụng từ 50 triệu đồng trở lên - Hạng Platinum: hạn mức tín dụng từ 90 triệu đồng trở lên
Tôi muốn đăng ký phát hành thẻ tín dụng quốc tế Vietnam Airlines Techcombank Visa nhưng không có đủ giấy tờ chứng minh thu nhập. Vậy tôi nên làm gì?,"Nếu Quý khách hàng thuộc diện phê duyệt trước theo quy định của Ngân hàng, chúng tôi sẽ chủ động liên hệ hoặc có thông báo qua ứng dụng trên điện thoại thông minh của Quý khách Nếu Quý khách hàng không thuộc diện phê duyệt trước, không có đủ giấy tờ chứng minh thu nhập thì Quý khách hàng nên đăng ký phát hành thẻ theo hình thức cầm cố sổ tiết kiệm. Nếu Quý khách hàng có thẻ Bông Sen Vàng hạng Titan trở lên và còn hạn tối thiểu là 2 tháng thì Quý khách không phải nộp giấy tờ chứng minh thu nhập."
Nếu tôi phát hành thẻ tín dụng quốc tế Vietnam Airlines Techcombank Visa theo hình thức có tài sản bảo đảm thì những loại tài sản nào có thể sử dụng để bảo đảm?,Techcombank chỉ áp dụng cầm cố sổ tiết kiệm được mở tại Techcombank để làm tài sản đảm bảo cho việc phát hành thẻ tín dụng theo hình thức có tài sản bảo đảm.
Tôi đã có thẻ tín dụng quốc tế Techcombank Visa. Vậy tôi có thể phát hành thêm thẻ tín dụng quốc tế Vietnam Airlines Techcombank Visa không?,"Có. Quý khách có thể duy trì cùng lúc 2 loại thẻ tín dụng. Tuy nhiên, tổng hạn mức tín dụng cả hai thẻ tín dụng của Quý khách tại cùng một thời điểm không được vượt quá hạn mức tín dụng tối đa được cấp cho Quý khách tại Techcombank."
"Tôi muốn phát hành thẻ phụ Vietnam Airlines Techcombank Visa cho người thân sử dụng. Vậy, người thân của tôi có cần là hội viên Bông Sen Vàng không?","Theo quy định hiện tại của Techcombank, chủ thẻ phụ không cần phải là hội viên Bông Sen Vàng"
"Tôi muốn phát hành thẻ tín dụng quốc tế Techcombank Visa phụ cho con tôi. Vậy, con tôi có cần phải chứng minh thu nhập không?","Theo qui định của Techcombank, chủ thẻ phụ không cần phải chứng minh thu nhập"
Chủ thẻ phụ thẻ tín dụng quốc tế Vietnam Airlines Techcombank Visa được cấp hạn mức tín dụng như thế nào?,"Được sử dụng chung hạn mức với chủ thẻ chính, hạn mức cụ thể do chủ thẻ chính yêu cầu nhưng không vượt quá hạn mức tín dụng ngân hàng đã cấp cho chủ thẻ chính Cú pháp nhắn tin kích hoạt thẻ khi đăng ký hình thức kích hoạt thẻ qua SMS Quý khách hàng soạn tin nhắn theo cú pháp: TCBKHT <6 số đầu 4 số cuối của thẻ> gửi đến 8049. Ví dụ: TCBKHT 4220751234 0123456789."
"Để có thể sử dụng thẻ tín dụng quốc tế Vietnam Airlines Techcombank Visa, tôi có bắt buộc phải đổi PIN lần đầu tại ATM không?",Không. Quý khách có thể sử dụng thẻ ngay mà không cần đổi PIN lần đầu tại ATM.
Khi sử dụng thẻ tín dụng Vietnam Airlines Techcombank Visa để rút tiền mặt tôi có được cộng dặm vào tài khoản Bông Sen Vàng không?,"Quý khách hàng chỉ được cộng điểm vào tài khoản Bông Sen Vàng khi sử dụng thẻ tín dụng quốc tế Vietnam Airlines Techcombank Visa để thanh toán các hóa đơn mua hàng hóa, dịch vụ."
"Khi sử dụng thẻ tín dụng quốc tế Vietnam Airlines Techcombank Visa để rút tiền mặt tại ATM của ngân hàng khác, tôi có phải trả phí không? Mức phí là bao nhiêu?","Với giao dịch rút tiền bằng thẻ tín dụng quốc tế Techcombank Visa tại ATM của ngân hàng khác, Techcombank sẽ thu mức phí là 4% giá trị giao dịch và tối thiểu là 100.000 đồng (đã bao gồm 10%VAT). Ngoài ra, Quý khách có thể chịu thêm một mức phí do ngân hàng chủ quản ATM thu, mức phí này là khác nhau tùy theo quy định của từng ngân hàng. Tôi thực hiện thanh toán bằng thẻ tín dụng quốc tế Vietnam Airlines"
Techcombank Visa và trả cho cửa hàng bằng USD thì tôi có phải trả phí không?,"Khi sử dụng thẻ tín dụng Techcombank Visa để thanh toán các hóa đơn bằng ngoại tệ, Techcombank sẽ thu phí quản lý chi tiêu ngoại tệ của Quý khách với mức phí theo quy định của Techcombank trong từng thời kỳ. Vui lòng xem biểu phí tại đây."
Quý khách hàng vui lòng đến chi nhánh để yêu cầu nâng hạn mức tín dụng thẻ và cung cấp các giấy tờ chứng minh thu nhập/ sổ tiết kiệm. Techcombank sẽ xem xét và giải quyết nếu yêu cầu của Quý khách hàng là hợp lệ. Ngày sao kê là gì? Làm sao để biết ngày sao kê của thẻ tín dụng?,Ngày sao kê là ngày Techcombank lập Sao kê liệt kê chi tiết các giao dịch phát sinh trong Kỳ sao kê liên quan đến việc phát hành và sử dụng thẻ tín dụng của Quý khách hàng (bao gồm thẻ chính và thẻ phụ). Ngày sao kê được thể hiện trên sao kê gửi cho Quý khách hàng.
Ngày sao kê của tôi là Chủ nhật ngày 28/12 thì được chuyển sang ngày nào?,"Nếu ngày sao kê trùng với ngày thứ 7, chủ nhật hoặc ngày lễ thì Ngày sao kê sẽ được chuyển lên trước đó 02 ngày làm việc. Cụ thể, sao kê được chuyển sang Thứ 6 ngày 26/12."
Làm thế nào để tôi có thể thanh toán dư nợ của thẻ tín dụng?,"Quý khách hàng có thể thanh toán dư nợ của thẻ tín dụng bằng một trong các cách sau: - Ghi nợ tự động: Quý khách hàng đăng ký dịch vụ ghi nợ tự động tại bất kỳđiểm giao dịch nào của Techcombank hoặc qua dịch vụ F@st i-Bank (Internet Banking). Quý khách hàng có thể đăng ký thanh toán giá trị tối thiểu hoặc thanh toán toàn bộ dư nợ sao kê của thẻ tín dụng. - Thanh toán qua dịch vụ F@st i-Bank hoặc F@st Mobile hoặc ATM: Quý kháchhàng thực hiện chuyển khoản/thanh toán dư nợ thẻ tín dụng online từ tài khoản thanh toán của Quý khách hàng mở tại Techcombank sang tài khoản thẻ tín dụng. - Nộp tiền mặt hoặc chuyển khoản tại quầy giao dịch của Techcombank: Quýkhách hàng có thể đến bất kỳ điểm giao dịch nào của Techcombank để thực hiện thanh toán dư nợ thẻ tín dụng bằng cách nộp tiền mặt hoặc chuyển khoản từ tài khoản thanh toán mở tại Techcombank vào tài khoản thẻ tín dụng. - Chuyển khoản từ ngân hàng khác: Quý khách hàng chuyển khoản từ ngânhàng khác với các thông tin: họ tên của Quý khách hàng, số tài khoản thẻ tín dụng của Quý khách hàng (được thể hiện rõ trên Sao kê định kỳ)."
Điều kiện để tôi có thể phát hành thẻ F@stAccess là gì?,"Để phát hành thẻ thanh toán F@stAccess, Quý khách chỉ cần: 1. Người từ đủ 15 tuổi trở lên 2. Có tài khoản thanh toán tại Techcombank"
Tôi có thể sử dụng thẻ F@stAccess ở những ATM nào?,"Bên cạnh máy ATM của Techcombank, Quý khách có thể sử dụng thẻ F@stAccess tại ATM của tất cả các ngân hàng trong liên minh thẻ Napas trên toàn quốc."
Tôi có bắt buộc phải đổi PIN lần đầu trước khi sử dụng thẻ F@stAccess không?,"Theo quy định của Techcombank, Quý khách cần phải đổi PIN lần đầu trước khi sử dụng thẻ F@stAccess."
PIN thẻ F@stAccess của tôi có mấy số. Tôi có thể đổi mật khẩu mới với 5 số được không?,"PIN thẻ F@stAccess bắt buộc bao gồm 6 số. Quý khách lưu ý không cung cấp mã PIN cho người khác, không lưu ra giấy. Tránh dùng số CMTND hay ngày sinh để làm mã số PIN."
Tôi có thể sử dụng thẻ F@stAccess để thực hiện cho các giao dịch thanh toán online không?,"Có. Quý khách có thể dùng thẻ F@stAccess để thanh toán online trên những website có chấp nhận thẻ F@stAccess (chẳng hạn: website của Vietnam Airlines,…)"
Tôi có thể dùng thẻ F@stAccess để chuyển khoản sang tài khoản của tôi tại ngân hàng khác trên máy ATM không?,Quý khách chỉ có thể dùng thẻ F@stAccess để chuyển khoản sang tài khoản thụ hưởng khác trong cùng hệ thống trên máy ATM của Techcombank.
Thẻ F@stAccess của tôi có được tự động kích hoạt Internet không?,Thẻ thanh toán F@stAccess của Quý khách được tự động kích hoạt tính năng thanh toán qua mạng khi phát hành. Nếu Quý khách không có nhu cầu sử dụng tính năng này thì cần đăng ký hủy với Ngân hàng ngay khi đăng ký phát hành thẻ.
"Thẻ F@stAccess của tôi có thể thanh toán được tại những website nào, có an toàn không?","1. Thẻ của Quý khách có thể thanh toán trực tuyến tại những website nội địa(merchant country là Việt Nam) hoặc những website khác có cho phép phương thức thanh toán qua Napas 2. Khi thanh toán trực tuyến với thẻ F@st Access, ngoài mã PIN cần nhập, Quýkhách được bảo mật giao dịch bằng bước xác thực mật khẩu được tự động gửi đến Quý khách để hoàn thành giao dịch."
"Tôi nhập sai nhiều lần mật khẩu ngân hàng cung cấp khi thanh toán trực tuyến qua thẻ F@stAccess, tôi cần làm gì?",Quý khách vui lòng liên hệ DVKH 24/7 theo số: 1800588822/ 1800588823 (dành cho khách hàng priority) hoặc tới Chi nhánh gần nhất để được hỗ trợ.
Thẻ thanh toán của tôi đã hết hạn sử dụng nhưng tài khoản vẫn còn tiền. Vậy tôi có bị mất số tiền còn lại trong tài khoản không?,"Số tiền còn lại trong tài khoản cũng như tài khoản phát hành thẻ của Quý khách vẫn được duy trì. Tuy nhiên, Quý khách nên phát hành thẻ F@stAccess khác thay thế thẻ đã hết hạn để thuận tiện cho việc sử dụng."
"Khi bị mất thẻ, tôi làm thế nào để khóa thẻ được nhanh nhất?",Quý khách thực hiện ngay một trong các cách sau: 1. Liên hệ DVKH Techcombank 24/7 số 1800 588 822 hoặc (24) 3944 6699 (vớithuê bao ở nước ngoài) 2. Đăng nhập user/tài khoản F@st i-bank để lập yêu cầu khóa thẻ vĩnh viễnhoặc khóa thẻ tạm thời
Tôi có được mở lại thẻ thanh toán F@stAccess nếu trước đó tôi đã yêu cầu ngân hàng tạm khóa lại do nghi ngờ thẻ bị lợi dụng?,"Với thẻ thanh toán F@stAccess, Quý khách có thể được mở lại thẻ, NH tiếp nhận yêu cầu trợ giúp mở khóa thẻ của Quý khách qua CN/PGD, hoặc qua F@st i-bank. Tuy nhiên Quý khách cần cân nhắc việc mở lại do thẻ tiềm ẩn nguy cơ xảy ra rủi ro trong tương lai."
Chương trình cashback 1% - quẹt là sướng” dành cho loại thẻ nào?,"Chương trình ""Cashback 1% - Quẹt là sướng"" là chương trình hoàn tiền trên tổng giá trị thanh toán qua thẻ thanh toán của Techcombank mà khách hàng sử dụng giao dịch. Chi tiết chương trình tại đây"
"Tôi muốn tham gia chương trình ""Hoàn tiền không giới hạn – Thẻ thanh toán Techcombank – Quẹt là sướng"" thì cần phải làm gì?","Để nhận được ưu đãi của chương trình ""Hoàn tiền không giới hạn – Thẻ thanh toán Techcombank – Quẹt là sướng"", chủ thẻ cần cần thực hiện: - Thanh toán chi tiêu, mua sắm hàng hóa, dịch vụ tại các điểm chấp nhận thẻhoặc các phương thức điện tử (Internet, Mail/Phone order…) qua thẻ thanh toán Techcombank. - Các giao dịch này được ghi nhận là thành công trên hệ thống thẻ củaTechcombank và/hoặc của tổ chức thẻ. Chi tiết chương trình tại đây"
"Tham gia chương trình ""Hoàn tiền không giới hạn – Thẻ thanh toán Techcombank – Quẹt là sướng"" thì tôi được ưu đãi gì?","Với chương trình ""Hoàn tiền không giới hạn – Thẻ thanh toán Techcombank – Quẹt là sướng"", Quý khách hàng sẽ được hưởng các ưu đãi: 1. Không giới hạn số tiền được hoàn 2. Không giới hạn lĩnh vực chi tiêu (nhà hàng, khách sạn, mua sắm siêu thị, dulịch, y tế, giáo dục hay thanh toán các sinh hoạt phí như trả tiền điện, tiền nước,…). 3. Không giới hạn số lượng khách hàng. 4. Hoàn tiền 1% trên tổng giá trị thanh toán qua thẻ thanh toán Techcombankhàng tháng. Chi tiết chương trình tại đây"
Tôi được hoàn bao nhiêu tiền trên số tiền đã thanh toán qua thẻ thanh toán quốc tế Techcombank Visa/ Vietnam Airlines Techcombank Visa?,"Với chương trình ""Hoàn tiền không giới hạn – Thẻ thanh toán Techcombank – Quẹt là sướng"", số tiền hoàn = 1% * tổng số tiền chi tiêu Trong đó, tổng số tiền chi tiêu được ghi nhận trên hệ thống thẻ Techcombank các giao dịch hợp lệ được pháp luật công nhận vào ngày cuối cùng của mỗi tháng. Chi tiết chương trình tại đây"
"Tôi đã thực hiện giao dịch thanh toán qua thẻ thanh toán nhưng chưa thấy được hoàn tiền từ chương trình ""Hoàn tiền không giới hạn – Thẻ thanh toán Techcombank – Quẹt là sướng""?","Trong chương trình ""Hoàn tiền không giới hạn – Thẻ thanh toán Techcombank – Quẹt là sướng"", với các giao dịch hợp lệ, tiền sẽ được hoàn từ ngày 20 đến ngày 30 của tháng tiếp theo, hoặc ngày làm việc kế tiếp nếu ngày 30 là ngày nghỉ/ lễ theo quy định của Techcombank. Trong thời gian diễn ra chương trình, nếu Quý khách hàng cần hỗ trợ bất kỳ thông tin gì, vui lòng liên hệ DVKH 24/7 số 1800588822 hoặc Chi nhánh Techcombank gần nhất. Chi tiết chương trình tại đây"
Nếu tôi chưa là Khách hàng của Techcombank hoặc chỉ có thẻ tín dụng mà chưa có thẻ thanh toán Techcombank thì có được áp dụng chương trình này không?,"Nếu quý Khách hàng chưa là Khách hàng của Techcombank hoặc chưa có thẻ thanh toán của Techcombank thì Khách hàng sẽ không được hưởng ưu đãi của chương trình ""Hoàn tiền không giới hạn – Thẻ thanh toán Techcombank – Quẹt là sướng"". Để tham gia chương trình, Khách hàng vui lòng mang CMND/Thẻ CCCD/ Hộ chiếu còn hiệu lực đến CN/PGD gần nhất để được hỗ trợ mở thẻ và chi tiêu bằng thẻ thanh toán Techcombank. Chi tiết chương trình tại đây Thẻ tín dụng Techcombank Visa :"
Thẻ tín dụng quốc tế Techcombank Visa có mấy hạng và hạn mức tín dụng của mỗi hạng là bao nhiêu?,Thẻ tín dụng quốc tế Techcombank Visa gồm 5 hạng: - Hạng Chuẩn: hạn mức tín dụng từ 10 triệu đến dưới 50 triệu đồng - Hạng Vàng: hạn mức tín dụng từ 50 triệu đồng trở lên - Hạng Platinum: hạn mức tín dụng từ 90 triệu đồng trở lên - Hạng Signature: hạn mức tín dụng từ 120 triệu đồng trở lên - Hạng Infinite: phát hành giới hạn cho nhóm KH cao cấp của Techcombank
Tôi muốn đăng ký phát hành thẻ tín dụng quốc tế Techcombank Visa nhưng không có đủ giấy tờ chứng minh thu nhập. Vậy tôi nên làm gì?,"Nếu Quý khách hàng thuộc diện phê duyệt trước theo quy định của Ngân hàng, chúng tôi sẽ chủ động liên hệ hoặc có thông báo qua ứng dụng trên điện thoại thông minh của Quý khách Nếu Quý khách hàng không thuộc diện phê duyệt trước, không có đủ giấy tờ chứng minh thu nhập thì Quý khách hàng nên đăng ký phát hành thẻ theo hình thức cầm cố sổ tiết kiệm."
Nếu tôi phát hành thẻ tín dụng quốc tế Techcombank Visa theo hình thức có tài sản bảo đảm thì những loại tài sản nào có thể sử dụng để bảo đảm?,Techcombank chỉ áp dụng cầm cố sổ tiết kiệm được mở tại Techcombank để làm tài sản đảm bảo cho việc phát hành thẻ tín dụng theo hình thức có tài sản bảo đảm.
"Tôi đã có thẻ tín dụng quốc tế Vietnam Airlines Techcombank Visa, vậy tôi có thể phát hành thêm thẻ tín dụng quốc tế Techcombank Visa không?","Có. Quý khách hàng có thể duy trì cùng lúc 2 loại thẻ tín dụng. Tuy nhiên, tổng hạn mức tín dụng cả hai thẻ tín dụng của Quý khách hàng tại cùng một thời điểm không được vượt quá hạn mức tín dụng tối đa được Techcombank cấp cho Quý khách hàng."
"Tôi muốn phát hành thẻ phụ thẻ tín dụng quốc tế Techcombank Visa cho con tôi. Vậy, con tôi có cần phải chứng minh thu nhập không?","Theo qui định của Techcombank, chủ thẻ phụ không cần phải chứng minh thu nhập"
Chủ thẻ phụ thẻ tín dụng quốc tế Techcombank Visa được cấp hạn mức tín dụng như thế nào?,"Chủ thẻ phụ được sử dụng chung hạn mức với chủ thẻ chính, hạn mức cụ thể do chủ thẻ chính yêu cầu nhưng không vượt quá hạn mức tín dụng ngân hàng đã cấp cho chủ thẻ chính Cú pháp nhắn tin kích hoạt thẻ khi đăng ký hình thức kích hoạt thẻ qua SMS Quý khách hàng soạn tin nhắn theo cú pháp: TCBKHT <6 số đầu 4 số cuối của thẻ> gửi đến 8049. Ví dụ: TCBKHT 4220751234 0123456789."
"Để có thể sử dụng thẻ tín dụng quốc tế Techcombank Visa, tôi có bắt buộc phải đổi PIN lần đầu tại ATM không?",Không. Quý khách hàng có thể sử dụng thẻ ngay mà không cần đổi PIN lần đầu tại ATM.
"Khi sử dụng thẻ tín dụng quốc tế Techcombank Visa để rút tiền mặt tại ATM của ngân hàng khác, tôi có phải trả phí không? Mức phí là bao nhiêu?","Với giao dịch rút tiền bằng thẻ tín dụng quốc tế Techcombank Visa tại ATM của ngân hàng khác, Techcombank sẽ thu mức phí là 4% giá trị giao dịch và tối thiểu là 100.000 đồng (đã bao gồm 10%VAT). Ngoài ra, Quý khách hàng có thể chịu thêm một mức phí do ngân hàng chủ quản ATM thu, mức phí này là khác nhau tùy theo quy định của từng ngân hàng."
Tôi thực hiện thanh toán bằng thẻ tín dụng quốc tế Techcombank Visa và trả cho cửa hàng bằng USD thì tôi có phải trả phí không?,"Khi sử dụng thẻ tín dụng Techcombank Visa để thanh toán các hóa đơn bằng ngoại tệ, Techcombank sẽ thu phí quản lý chi tiêu ngoại tệ của Quý khách hàng với mức phí theo quy định của Techcombank trong từng thời kỳ. Vui lòng xem biểu phí tại đây."
Tôi có nhận hóa đơn sau khi thanh toán bằng thẻ có Contactless?,"Khi thanh toán bằng thẻ có Contactless là hình thức thanh toán chạm để thanh toán mà không cần bất cứ giấy tờ gì khác, nhưng bạn vẫn có thể yêu cầu hóa đơn khi cần thiết."
Có trường hợp thanh toán 2 lần với thẻ có Contactless trên tài khoản của tôi?,"Không. Máy thanh toán có Contactless được thiết kế chỉ 01 giao dịch cho 01 thẻ trong cùng 01 thời điểm.Để đảm bảo an toàn, mỗi giao dịch phải được hoàn tất hoặc hủy trước khi tiến hành thực hiện giao dịch khác."
Contactless áp dụng trên các loại thẻ nào?,"Áp dụng với các loại thẻ Visa: thẻ tín dụng, thẻ thanh toán/thẻ ghi nợ và thẻ trả trước."
Tôi có thể kiểm tra chi tiêu như thế nào khi dùng thẻ có Contactless?,"Với thẻ tín dụng, bạn có thể kiểm tra chi tiết giao dịch đã chi tiêu thông qua Sao kê thẻ tín dụng hàng tháng Ngân hàng gửi. Với thẻ thanh toán/thẻ ghi nợ, bạn có thể kiểm tra giao dịch chi tiêu của mình trên sổ phụ ngân hàng/ liệt kê giao dịch tài khoản qua các ứng dụng dịch vụ ngân hàng điện tử của Techcombank."
Tôi có thể vô tình thực hiện thanh toán khi đi ngang qua máy thanh toán thẻ hay không?,"Không. Việc thiết kế Contactless được đảm bảo rằng chủ thẻ sẽ luôn được kiểm soát. Trước tiên, người bán hàng cần nhập giá trị thanh toán và thẻ của bạn cần được giữ khoản cách theo qui định của thiết bị thanh toán thì giao dịch mới có thể thực hiện được. Thiết bị thanh toán chỉ xử lý 01 giao dịch tại 01 thời điểm."
Ứng dụng Techcombank Mobile là gì?,"Là ứng dụng không chỉ giúp khách hàng chuyển tiền, thanh toán, quản lý tài chính cá nhân thuận tiện, dễ dàng và nhanh chóng mà còn giúp bạn có thể đăng ký mở tài khoản, đăng ký dịch vụ ngân hàng trực tuyến để sử dụng sản phẩm, dịch vụ của Techcombank ở bất cứ nơi đâu và bất kỳ lúc nào."
Ứng dụng Techcombank Mobile có thể sử dụng trên thiết bị nào?,"Khách hàng có thể sử dụng ứng dụng Techcombank Mobile trên các thiết bị di động có hệ điều hành iOS từ 14.0 trở lên và Android 7.0 trở lên. Ngoài ra, Techcombank Mobile không được hỗ trợ cài đặt trên các thiết bị đã can thiệp ở mức độ hệ điều hành (jail break, unlock, rooted,...) nhằm bảo đảm an toàn bảo mật tài khoản và giao dịch của khách hàng."
Điều kiện để có thể bắt đầu sử dụng được ứng dụng Techcombank Mobile?,"Khách hàng cần mở tài khoản thanh toán tại Techcombank, có thiết bị kết nối Internet và chạy hệ điều hành iOS 12.0 trở lên hoặc 7.0 trở lên với hệ điều hành Android để có thể cài đặt và sử dụng dịch vụ ngân hàng số của Techcombank. Các khách hàng đang sử dụng F@st Mobile thì cần đảm bảo thêm yêu cầu đã đăng ký Smart OTP trước khi chuyển sang ứng dụng mới Techcombank Mobile. Các khách hàng mới chưa sử dụng các sản phẩm, dịch vụ của Techcombank có thể đăng ký mở tài khoản và dịch vụ ngân hàng số trực tuyến ngay trên ứng dụng mà không cần tới quầy."
Ứng dụng Techcombank Mobile có điểm gì khác biệt với ứng dụng F@st Mobile trước đây?,"Ứng dụng Techcombank Mobile mang nhiều ưu điểm và cải tiến vượt trội so với ứng dụng F@st Mobile trước đây nhằm đáp ứng được nhiều hơn nữa nhu cầu của mỗi khách hàng, với trải nghiệm mượt mà, sử dụng dễ dàng, và mức độ bảo mật cao hơn như: - Công cụ chuyển khoản và thanh toán toàn diện giúp bạn chuyển khoản nhanhchóng, dễ dàng hơn; việc quản lý hóa đơn trở nên thuận tiện hơn với việc tích hợp hình thức chuyển khoản và thanh toán bằng mã QR. - Tích hợp thêm với các sản phẩm như bảo hiểm và đầu tư giúp bạn dễ dàngquản lý các danh mục tài sản của mình ngay trên 1 ứng dụng duy nhất. Ngoài ra, bạn cũng có thể dễ dàng quản lý tài chính cá nhân với biểu đồ chi tiêu trực quan. - Tài khoản của bạn sẽ được bảo vệ qua nhiều lớp bảo mật từ việc chỉ được sửdụng ứng dụng trên một thiết bị duy nhất, xác thực bằng sinh trắc học như vân tay hay khuôn mặt, với giải pháp bảo mật hàng đầu, phòng chống giả mạo như ngăn chặn các thiết bị bẻ khóa truy cập ứng dụng."
Sử dụng ứng dụng Techcombank Mobile có mất phí không?,Việc sử dụng Techcombank Mobile là hoàn toàn miễn phí.
Tải ứng dụng Techcombank Mobile như thế nào?,"Khách hàng cần tải ứng dụng từ Apple Store (đối với hệ điều hành iOS) hoặc trên Google Play (đối với hệ điều hành Android), gõ từ khóa tìm kiếm ""Techcombank Mobile"", sau đó chọn Cài đặt để tải ứng dụng về thiết bị."
Tôi có thể sử dụng Techcombank Mobile khi ở nước ngoài không?,Bạn có thể sử dụng ứng dụng Techcombank Mobile ở bất kỳ đâu và bất cứ lúc nào trên thiết bị có kết nối Internet.
Tôi phải làm gì khi bị mất điện thoại cài đặt ứng dụng Techcombank Mobile?,Bạn vui lòng liên hệ tổng đài 1800 588 822 hoặc tới CN/PGD Techcombank gần nhất để được hỗ trợ tạm khóa dịch vụ ngân hàng số cho đến khi nhận được thông báo khác.
"Tại sao bạn bè tôi đã được mời chuyển đổi từ F@st Mobile sang ứng dụng mới Techcombank Mobile, còn tôi thì chưa?","Để đảm bảo có thể hỗ trợ khách hàng chuyển đổi một cách tốt nhất, Techcombank sẽ chuyển đổi dần dần lần lượt từng nhóm khách hàng đang sử dụng F@st Mobile sang ứng dụng mới Techcombank Mobile. Techcombank sẽ gửi thông báo của ngân hàng thông qua ứng dụng F@st Mobile để mời khách hàng chuyển đổi. Vui lòng tiếp tục sử dụng F@st Mobile đến khi nhận được lời mời chuyển đổi bạn nhé."
Tôi không tải được ứng dụng mới Techcombank Mobile?,"Ứng dụng Techcombank Mobile chỉ hỗ trợ cài đặt trên thiết bị không bị bẻ khóa, có hệ điều hành Android 7.0 trở lên hoặc iOS 12.0 trở lên. Bạn cần kiểm tra lại thông tin thiết bị và nâng cấp hệ điều hành của thiết bị để tải và sử dụng."
Các bước chuyển đổi từ F@st Mobile sang Techcombank Mobile mà tôi cần thực hiện là gì?,"Sau khi đăng nhập F@st Mobile và nhận được lời mời trên ứng dụng F@st Mobile về việc chuyển đổi sang ứng dụng mới Techcombank Mobile, bạn cần thực hiện các bước sau: Đọc giới thiệu về ứng dụng mới và các yêu cầu để chuyển đổi. Tạo mật khẩu mới và xác nhận lại, sau đó xác thực bằng Smart OTP Tải ứng dụng Techcombank Mobile từ App Store/Google Play Mở ứng dụng, chọn ""Đăng nhập"", nhập tên đăng nhập và mật khẩu vừa tạo và nhập mã OTP gửi về số điện thoại đã đăng ký với Techcombank Đăng ký sinh trắc học và mã mở khóa Sau khi hoàn tất các bước chuyển đổi trên, bạn có thể bắt đầu sử dụng ứng dụng Techcombank Mobile và tận hưởng những trải nghiệm vượt trội mới."
"Sau khi chuyển sang ứng dụng mới Techcombank Mobile, tôi không thể sử dụng F@st i-Bank tại địa chỉ ib.techcombank.com.vn được nữa?","Trong tháng 11/2021, Techcombank ra mắt ứng dụng ngân hàng số Techcombank Mobile, kênh giao dịch ngân hàng điện tử Internet banking (Online banking) sẽ ra mắt vào tháng 12/2021. Khi bạn đã chuyển sang sử dụng hệ thống ngân hàng số mới thì sẽ không thể đăng nhập hệ thống ngân hàng điện tử cũ trước đây nữa, bao gồm cả F@st Mobile và F@st i- Bank. Kích hoạt lần đầu:"
Tôi không còn tin nhắn SMS thông báo mật khẩu đăng nhập ngân hàng số do Techcombank cấp và chưa kịp kích hoạt dịch vụ. Tôi phải làm gì?,"Trường hợp bạn đã có thẻ Techcombank, bạn có thể sử dụng tính năng ""Quên mật khẩu"" trên ứng dụng để tạo mật khẩu đăng nhập mới. Trường hợp bạn chưa có thẻ Techcombank, vui lòng tới CN/PGD Techcombank gần nhất để được hỗ trợ cấp lại mật khẩu đăng nhập tạm thời."
Tại sao tôi không nhận được mã OTP gửi từ Techcombank?,Mã OTP sẽ được Techcombank gửi đến số điện thoại đã đăng ký với ngân hàng của bạn. Ngoài ra bạn cần đảm bảo thiết bị của bạn không cài đặt chặn tin nhắn được gửi từ Techcombank đến số điện thoại này.
Tôi có thể tạo mật khẩu đăng nhập ngân hàng số mới trùng với mật khẩu đăng nhập mặc định do Techcombank cấp được không?,"Không, bạn không thể tạo mật khẩu mới trùng với 3 mật khẩu gần nhất, bao gồm cả các mật khẩu tạm thời do Techcombank cấp."
"Tôi đang ở nước ngoài, tôi có thể tiếp tục dùng ứng dụng ngân hàng số của Techcombank bình thường không?",Bạn có thể sử dụng dịch vụ trên Techcombank Mobile ở bất cứ nơi đâu với điện thoại di động có kết nối Internet và đã đăng ký dịch vụ chuyển vùng quốc tế nếu đang ở nước ngoài.
Tôi có bắt buộc phải thiết lập sinh trắc học để sử dụng ứng dụng không?,"Việc thiết lập cho phép sử dụng sinh trắc học trên ứng dụng là không bắt buộc. Bạn có thể bỏ qua bước này và thực hiện thiết lập sau bằng cách bấm vào lựa chọn ""Để sau"". Đăng ký thiết bị mới:"
Tại sao tôi phải đăng ký thiết bị khi muốn sử dụng ứng dụng NHĐT của Techcombank trên thiết bị mới?,"Việc sử dụng ứng dụng NHĐT chỉ có hiệu lực trên 1 thiết bị duy nhất, vì vậy bạn cần đăng ký thiết bị sử dụng và đăng ký lại thiết bị nếu đổi thiết bị cài đặt và sử dụng ứng dụng."
Mã mở khóa được dùng để làm gì?,Bạn bắt buộc tạo mã mở khóa để sử dụng cho việc đăng nhập ứng dụng và xác thực giao dịch.
Thiết lập sinh trắc học để làm gì?,Việc thiết lập sinh trắc học (vân tay/ khuôn mặt) giúp đăng nhập ứng dụng nhanh hơn và để sử dụng khi xác thực giao dịch. Tuy nhiên việc thiết lập này là không bắt buộc.
Nếu tôi xóa ứng dụng và cài đặt lại ứng dụng trên chính thiết bị đó thì tôi có cần đăng ký lại thiết bị không?,"1. Nếu bạn đang sử dụng Techcombank Mobile trên thiết bị chạy hệ điều hànhAndroid, sau khi xóa và tải lại, ứng dụng sẽ hiển thị yêu cầu bạn cần gửi tin nhắn SMS tới 8049 theo cú pháp: TCBT HUY SMARTOTP để gỡ bỏ đăng ký thiết bị trước đó. Sau khi nhận được tin nhắn từ 8049 xác nhận việc gỡ bỏ thiết bị cũ thành công, vui lòng thực hiện đăng ký thiết bị mới để tiếp tục sử dụng ứng dụng. 2. Nếu bạn đang sử dụng Techcombank Mobile trên thiết bị chạy hệ điều hànhiOS, sau khi xóa và tải lại, bạn chỉ cần thực hiện đăng ký lại thiết bị để tiếp tục sử dụng ứng dụng."
"Tại sao sau khi xóa ứng dụng, tôi tải lại ứng dụng trên chính thiết bị cũ mà vẫn nhận được thông báo về việc đang đăng ký sử dụng trên thiết bị khác?","Việc này không xảy ra với các khách hàng sử dụng ứng dụng trên các thiết bị hệ điều hành iOS. Tuy nhiên, do những điểm khác biệt của hệ điều hành Android, nếu xóa ứng dụng và cài đặt lên trên cùng thiết bị Android, bạn vẫn cần thực hiện gỡ bỏ thiết bị trước đó và đăng ký lại thiết bị để tiếp tục sử dụng. Gỡ thiết bị cũ đã đăng ký:"
Tôi muốn cài lại ứng dụng Techcombank Mobile trên thiết bị mới để sử dụng. Tôi phải làm gì?,"Quý khách vui lòng thực hiện ""Gỡ bỏ thiết bị"" trên thiết bị cũ hoặc soạn tin nhắn bằng số điện thoại đã đăng ký với Techcombank để gỡ bỏ trước khi chuyển sang sử dụng ứng dụng trên thiết bị mới. Tin nhắn được gửi từ số điện thoại đã đăng ký với ngân hàng theo cú pháp: TCBT HUY SMARTOTP gửi tới 8049 và thực hiện theo hướng dẫn của Ngân hàng. Ngoài ra, Quý khách cũng có thể gọi điện tới tổng đài 1800 588 822 hoặc tới CN/PGD Techcombank gần nhất để được hỗ trợ."
Tôi xóa ứng dụng và cài đặt lại trên cùng thiết bị thì có thể tiếp tục sử dụng Techcombank Mobile bình thường không?,"Quý khách vui lòng thực hiện ""Gỡ bỏ thiết bị"" trên ứng dụng Techcombank Mobile hoặc soạn tin nhắn bằng số điện thoại đã đăng ký với Techcombank để gỡ bỏ thiết bị. Tin nhắn được gửi từ số điện thoại đã đăng ký với ngân hàng theo cú pháp: TCBT HUY SMARTOTP gửi tới 8049 và thực hiện theo hướng dẫn của Ngân hàng. Ngoài ra, Quý khách cũng có thể gọi điện tới tổng đài 1800 588 822 hoặc tới CN/PGD Techcombank gần nhất để được hỗ trợ. Chuyển khoản:"
Đặc điểm của dịch vụ chuyển tiền nhanh 24/7 trên ứng dụng của Techcombank là gì?,"Khi sử dụng dịch vụ chuyển tiền nhanh 24/7, giao dịch của bạn sẽ được xử lý ngay lập tức. Khi giao dịch được thực hiện thành công, tài khoản nguồn sẽ bị ghi nợ; tài khoản đích sẽ được ghi có ngay lập tức. Ngoài ra, dịch vụ sẽ được cung cấp 24/7. Hạn mức giao dịch tối thiểu là 50,000VND/giao dịch và tối đa là 500.000.000VND/giao dịch. Hiện tại Techcombank mới chỉ cung cấp dịch vụ này bằng hình thức chuyển khoản qua số tài khoản. Techcombank sẽ ra mắt tính năng chuyển khoản nhanh 24/7 qua số thẻ ở các phiên bản sắp tới của ứng dụng Techcombank Mobile."
Tại sao tôi chuyển khoản 1 tỷ đồng cho bạn tôi bằng CK nhanh 24/7 nhưng lại nhận được thông báo nhận tiền muộn nhất vào ngày làm việc tiếp theo?,"Để chuyển khoản nhanh 24/7, số tiền giao dịch của bạn phải lớn hơn 50.000 đồng nhưng không vượt quá 500.000.000 đồng. Do giao dịch của bạn là 1 tỷ đồng nên không thể thực hiện chuyển nhanh 24/7 được, do đó, hệ thống đã tự động chuyển sang hình thức chuyển liên ngân hàng thông thường và bạn của bạn sẽ nhận được tiền muộn nhất sau 1 ngày làm việc. Trong trường hợp bạn muốn chuyển và nhận tiền ngay lập tức, bạn cần chia nhỏ số tiền chuyển xuống dưới 500.000.000 đồng/giao dịch."
Làm thế nào để chuyển khoản qua số điện thoại?,"Để chuyển khoản qua số điện thoại, bạn cần liên kết số điện thoại với một trong các tài khoản thanh toán của mình bằng cách chọn ""Liên kết số điện thoại"" trong mục ""Cài đặt""."
Tôi muốn nâng hạn mức chuyển khoản thì phải làm thế nào?,"Hạn mức chuyển khoản của bạn được mặc định là 500.000.000VNĐ/ngày trên Techcombank Mobile, áp dụng với chuyển nhanh 24/7 và chuyển liên ngân hàng. Trong trường hợp muốn chuyển với số tiền lớn hơn nhưng không vượt quá 5 tỷ VNĐ, bạn có thể đăng nhập Techcombank Mobile để thay đổi hạn mức. Hạn mức mới thay đổi sẽ có hiệu lực trong vòng 30 ngày, sau đó sẽ trở lại hạn mức mặc định 500 triệu đồng/ngày. Thanh toán và chuyển khoản bằng mã QR:"
Mã QR là gì?,"Mã QR là dạng mã ma trận (hay mã vạch 2 chiều) chứa thông tin có thể đọc bởi mã vạch hay các thiết bị di động thông minh, là một tính năng được tích hợp trên ứng dụng Techcombank Mobile. Bạn có thể chuyển khoản hoặc thanh toán hóa đơn bằng mã QR tại các điểm chấp nhận thanh toán qua mã QR với Techcombank Mobile."
Sự khác biệt giữa giao dịch thanh toán bằng mã QR và thanh toán bằng thẻ như thế nào?,"Với các giao dịch bằng thẻ, bạn cần tương tác trực tiếp với nhân viên bán hàng bằng việc đưa thẻ cho nhân viên để quẹt trên máy POS. Với thanh toán mã QR, bạn thực hiện thanh toán trên điện thoại, không sợ lộ thông tin cá nhân hay tiếp xúc trực tiếp với nhân viên bán hàng, đảm bảo an toàn trong bối cảnh dịch bệnh covid đang diễn biến phức tạp như hiện nay."
Tôi có thể thanh toán bằng mã QR tại các đơn vị chấp nhận thanh toán nào?,Hiện tại tính năng thanh toán qua QR code của Techcombank được chấp nhận thanh toán tại tất cả các đơn vị thanh toán của VN PAY và mPOS
Chuyển tiền bằng mã QR khác gì so với chuyển tiền thông thường?,"Với cách chuyển tiền thông thường sẽ cần nhiều thông tin như số tài khoản, tên người nhận. Nếu chuyển khoản thường không phải chuyển khoản nhanh còn cần đến cả thông tin về ngân hàng nhận và chi nhánh. Đối với QR code thì chỉ cần duy nhất 1 mã QR là bạn đã có thể thực hiện được giao dịch mà không cần nhập thủ công các thông tin tài khoản của người thụ hưởng, giảm thiểu sai sót trong quá trình giao dịch."
Tôi có thể chuyển tối đa bao nhiêu tiền bằng mã QR trên Techcombank Mobile?,Hạn mức chuyển tiền bằng mã QR trên Techcombank Mobile sẽ theo quy định hạn mức chuyển tiền 24/7 của Techcombank.
Tôi có bị giới hạn số lượng tạo mã QR code không?,Số lượng mã QR không bị giới hạn. Bạn có thể tạo theo nhu cầu giao dịch phát sinh. Thanh toán hóa đơn:
Tôi có thể thanh toán hóa đơn cho những loại dịch vụ nào trên Techcombank Mobile?,"Bạn có thể thanh toán hóa đơn trên Techcombank Mobile cho một số dịch vụ như: Điện, nước, điện thoại di động trả trước, trả sau, điện thoại cố định, phí dịch vụ nhà ở, bảo hiểm, Internet, vé máy bay, vé tàu. Tính năng thanh toán học phí dự kiến sẽ ra mắt vào tháng 12/2021."
Tôi có thể nạp tiền di động trả trước hoặc thanh toán hóa đơn di động trả sau cho người khác trên Techcombank Mobile được không?,Bạn có thể nạp tiền di động trả trước hoặc thanh toán hóa đơn di động trả sau cho người khác trừ nhà mạng Viettel.
Tôi có được gạch nợ ngay lập tức sau khi thanh toán hóa đơn thành công không?,"Có, hóa đơn sẽ được gạch nợ ngay lập tức bên nhà cung cấp sau khi bạn giao dịch thanh toán hóa đơn thành công."
"Khi nạp tiền điện thoại trả trước, các mã khuyến mãi có được áp dụng?","Khi nạp tiền điện thoại trả trước, nếu thời gian bạn nạp tiền trong thời hạn và thuê bao đáp ứng các điều kiện hưởng khuyến mãi theo quy định của nhà mạng thì sau khi nạp tiền thành công, bạn sẽ nhận được khuyến mại theo chương trình của nhà mạng."
Techcombank Mobile có hỗ trợ tính năng thanh toán hóa đơn tự động không?,"Có, bạn có thể sử dụng tính năng cài đặt thanh toán hóa đơn tự động cho một số dịch vụ đã có trên Techcombank Mobile. Quản lý tài chính cá nhân:"
Biểu đồ chi tiêu dùng để làm gì?,"Công cụ này được coi như một trợ lý tài chính cho người dùng, hỗ trợ bạn quản lý tài chính cá nhân bằng cách theo dõi thu chi trong một chu kỳ chi tiêu do chính bạn tự thiết lập. Tùy theo tình trạng chi tiêu tại từng thời điểm, bạn sẽ nhận được các thông điệp khác nhau từ ứng dụng để hỗ trợ quản lý chi tiêu tốt hơn. Biểu đồ này gồm 3 cột biểu thị cho dòng tiền vào, dòng tiền ra của tất cả các tài khoản mà bạn đang sở hữu cũng như số tiền tiết kiệm trong chu kỳ chi tiêu."
Chu kỳ chi tiêu của biểu đồ được hiểu như thế nào?,- Nếu bạn lựa chọn ngày nhận lương thì chu kỳ chi tiêu bắt đầu từ ngày nhậnlương của tháng này đến (ngày nhận lương -1) của tháng sau - Nếu bạn không lựa chọn ngày nhận lương thì chu kỳ chi tiêu bắt đầu từ ngàyđầu tháng đến ngày cuối tháng theo lịch dương
Tôi có thể thay đổi hình nền ứng dụng theo sở thích trên Techcombank Mobile?,Bạn có thể lựa chọn thay đổi hình nền của ứng dụng với các hình ảnh có sẵn trên kho hình nền của ứng dụng bất cứ lúc nào. Thẻ:
Tôi là chủ thẻ chính thì có thẻ quản lý cả thẻ phụ trên ứng dụng Techcombank Mobile của tôi được không?,"Có, bạn sẽ nhìn thấy các thẻ chính và thẻ phụ của mình trên ứng dụng. Các thẻ chính sẽ hiển thị trước, sau đó đến các thẻ phụ."
Tôi là chủ thẻ phụ thì có thể quản lý thẻ của mình trên ứng dụng Techcombank Mobile của tôi được không?,"Không, nếu bạn là chủ thẻ phụ thì sẽ không nhìn thấy thẻ phụ của mình trên ứng dụng."
Tôi có thể sử dụng những tính năng gì trên Techcombank Mobile để quản lý thẻ?,"Trên ứng dụng Techcombank Mobile, bạn có thể sử dụng các tính năng Quản lý thẻ như: Khóa/Mở khóa thẻ; Cấp lại mã PIN thẻ; Thay đổi hạn mức giao dịch thẻ; Cho phép thanh toán trực tuyến và Xem sao kê thẻ tín dụng."
"Tôi là chủ thẻ chính, tôi có thể khóa/mở khóa thẻ phụ trên ứng dụng Techcombank Mobile được không?",Nếu bạn là chủ thẻ chính thì bạn có thể khóa/mở khóa thẻ phụ trên ứng dụng Techcombank Mobile.
Thời gian thẻ bị khóa khi sử dụng tính năng Khóa thẻ là bao lâu?,Thẻ tạm thời bị khóa đến khi bạn mở khóa thẻ bằng cách thực hiện ngay trên ứng dụng này.
Tôi có bị mất phí khi Cấp lại PIN của thẻ trên Techcombank Mobile không?,"Không, biểu phí hiện hành của Techcombank hiện nay chưa áp dụng thu phí với việc yêu cầu cấp lại PIN trên Techcombank Mobile."
Tôi có thể đặt hạn mức bằng 0 với các giao dịch mà tôi không có nhu cầu sử dụng được không?,"Được, tuy nhiên, hạn mức thay đổi chỉ có hiệu lực trong thời gian bạn đã lựa chọn và không quá 90 ngày."
Tôi có thể thay đổi hạn mức giao dịch thẻ lên tối đa bao nhiêu tiền trên ứng dụng Techcombank Mobile?,Bạn có thể thiết lập hạn mức tối đa 600 triệu cho tất cả các loại giao dịch thẻ được hiển thị trên ứng dụng.
Tôi muốn điều chỉnh hạn mức giao dịch lên trên 600 triệu qua ứng dụng có được không?,"Không, bạn chỉ có thể điều chỉnh hạn mức giao dịch lên tối đa 600 triệu qua ứng dụng. Để điều chỉnh hạn mức của các giao dịch bằng thẻ lên trên 600 triệu, bạn có thể yêu cầu hỗ trợ thông qua tổng đài 1800 588 822 hoặc tới CN/PGD Techcombank gần nhất để được hỗ trợ. Phát hành thẻ tín dụng phê duyệt trước hạn mức:"
Tôi có cần cung cấp thêm hồ sơ gì trong trường hợp đăng ký phát hành thẻ tín dụng trên ứng dụng Techcombank không?,"KHÔNG. Với trường hợp đăng ký phát hành thẻ tín dụng qua ứng dụng Techcombank Mobile, bạn sẽ không cần cung cấp thêm bất kỳ hồ sơ nào và sẽ được nhận thẻ tại địa chỉ đăng ký."
Tại sao tên của tôi hiển thị trên hình ảnh thẻ tại màn hình đăng ký mở thẻ không đầy đủ như tên tôi trên CMND đã cung cấp cho ngân hàng?,Họ tên của bạn khi in trên thẻ (bao gồm khoảng trắng giữa các từ) dài quá 19 ký tự nên các phần thông tin các tên đệm được viết tắt chữ cái đầu tiên để phù hợp với kích cỡ tiêu chuẩn của thẻ.
"Trong trường hợp tôi đã thay đổi số CMND/Hộ chiếu so với số CMND/Hộ chiếu đã cung cấp cho Techcombank, tôi phải làm thế nào để nhận được thẻ?",Bạn cần cập nhật số CMND/Hộ chiếu mới tại chi nhánh của Techcombank trước khi nhận thẻ. Tiền gửi online:
Tôi có thể mở tài khoản tiền gửi nào trên Techcombank Mobile?,Hiện tại bạn có thể mở tài khoản tiền gửi online trên ứng dụng Techcombank Mobile với sản phẩm Phát Lộc online và Tiền gửi online.
Tôi được phép chọn tài khoản nào để nhận số tiền đáo hạn tài khoản tiền gửi?,"Có, nếu bạn chủ động đáo hạn tài khoản tiền gửi online, bạn có thể lựa chọn tài khoản đáo hạn là tài khoản thanh toán đang trong trạng thái hoạt động bình thường, không bị khóa hoặc phong tỏa và không lựa chọn tài khoản thẻ tín dụng hoặc tài khoản thấu chi."
Tôi được phép mở tài khoản tiền gửi online với số tiền tối thiểu bao nhiêu?,Bạn có thể mở tài khoản tiền gửi online với số tiền tối thiểu là 1 triệu đồng.
Số tiền mà tôi mở tài khoản tiền gửi online có tính vào hạn mức chuyển khoản trong ngày không?,"Không, việc mở tài khoản tiền gửi online không ảnh hưởng đến hạn mức chuyển khoản trong ngày của Quý khách."
Các sổ tiết kiệm của tôi mở tại quầy có hiển thị trên ứng dụng Techcombank Mobile không?,"Có, bạn có thể quản lý các sổ tiết kiệm mở tại quầy ngay trên ứng dụng Techcombank Mobile"
Tôi có thể tất toán các sổ tiết kiệm mở tại quầy qua ứng dụng Techcombank Mobile không?,"Không, bạn không thể tất toán sổ tiết kiệm mở tại quầy qua ứng dụng Techcombank Mobile. Để tất toán sổ tiết kiệm mở tại quầy, bạn vui lòng tới CN/PGD gần nhất để được hỗ trợ. Tài khoản đầu tư:"
Mở tài khoản đầu tư trên Techcombank Mobile có mất phí hay không?,Tính năng mở tài khoản chứng khoán trên ứng dụng ngân hàng điện tử của Techcombank hoàn toàn miễn phí.
Chỉ cần có tài khoản thanh toán tại Techcombank và sử dụng ứng dụng ngân hàng số Techcombank Mobile là có thể mở tài khoản chứng khoán?,"Đúng, bạn chỉ cần có tài khoản thanh toán tại Techcombank và sử dụng ứng dụng ngân hàng điện tử Techcombank Mobile là có thể mở tài khoản chứng khoán."
Tôi cần chuẩn bị giấy tờ gì để mở tài khoản chứng khoán ?,Bạn chỉ cần chuẩn bị CMND/CCCD để upload lên hệ thống theo hướng dẫn tại các bước mở tài khoản chứng khoán trên ứng dụng ngân hàng điện tử của Techcombank.
Tôi muốn thay đổi số điện thoại đã đăng ký với ngân hàng để mở tài khoản chứng khoán?,Bạn vui lòng ra quầy giao dịch gần nhất của Techcombank để cập nhật thông tin số điện thoại trên hệ thống.
Tôi sẽ điền thông tin địa chỉ nào để mở tài khoản chứng khoán trên ứng dụng ngân hàng điện tử?,Vui lòng điền thông tin địa chỉ liên hệ tại trường thông tin địa chỉ trên ứng dụng ngân hàng điện tử để thuận tiện trong việc liên hệ giữa bạn và Công ty Chứng khoán.
Tôi có thể chuyển tiền từ tài khoản thanh toán sang tài khoản đầu tư không?,Bạn có thể thực hiện chuyển tiền từ tài khoản thanh toán sang tài khoản đầu tư để thực hiện các giao dịch theo nhu cầu. Thông báo biến động số dư
Đăng ký thông báo biến động số dư qua ứng dụng cần những điều kiện gì?,"Để đăng ký thông báo biến động số dư qua ứng dụng, bạn chỉ cần đảm bảo những điều kiện đơn giản như: - Đã cài đặt ứng dụng - Đã bật chế độ cho phép nhận thông báo từ ứng dụng tại phần ""Cài đặt"" củathiết bị để nhận được các thông báo từ Techcombank - Thiết bị được kết nối mạng Internet thường xuyên trong quá trình sử dụng đểkhông bỏ lỡ thông báo từ Techcombank."
qua Techcombank Mobile có ưu điểm gì so với thông báo biến động số dư qua tin nhắn?,"Dịch vụ thông báo biến động số dư qua ứng dụng Techcombank Mobile có rất nhiều ưu điểm vượt trội như: - Hoàn toàn miễn phí - Không cần Roaming để nhận biến động số dư khi đi công tác, du lịch nướcngoài - Dễ dàng quản lý số dư tài khoản - Bảo mật hơn cho số dư tài khoản cho khách hàng"
Đăng ký và sử dụng thông báo biến động số dư qua Techcombank Mobile có mất phí không?,Việc đăng ký và sử dụng thông báo biến động số dư qua ứng dụng là HOÀN TOÀN MIỄN PHÍ.
Dịch vụ thông báo biến động số dư đăng ký trên ứng dụng có bao gồm các thông báo về giao dịch thẻ tín dụng hay thông báo khoản vay đến hạn không?,"Không, dịch vụ thông báo biến động số dư trên ứng dụng chỉ bao gồm các thông báo về giao dịch của tài khoản thanh toán của bạn."
Tôi có thể hủy dịch vụ thông báo biến động số dư tài khoản qua app hoặc SMS trên ứng dụng được không?,"Bạn có thể chủ động đăng ký/hủy đăng ký nhận thông báo biến động số dư tài khoản thông qua thông báo đẩy trên ứng dụng hoặc thông qua SMS cho từng tài khoản thanh toán của mình mọi lúc, mọi nơi ngay trên ứng dụng Techcombank Mobile."
Nếu tôi mất điện thoại và cần phải khóa tài khoản NHĐT thì thông báo biến động số dư qua ứng dụng có bị hủy không?,Việc khóa dịch vụ ebanking không ảnh hưởng đến dịch vụ thông báo biến động số dư tài khoản.
"Nếu đi du lịch nước ngoài, tôi có thể nhận được thông báo biến động số dư qua App hoặc qua SMS không?","Thông báo biến động số dư qua ứng dụng được thực hiện mọi lúc mọi nơi mà không cần roaming, (chỉ cần kết nối mạng internet và đã bật chế độ cho phép ứng dụng nhận thông báo trên thiết bị) kể cả khi bạn đi công tác hay du lịch ở nước ngoài. Với dịch vụ nhận thông báo biến động số dư qua SMS, bạn cần roaming để nhận được tin nhắn khi ở nước ngoài. Thông tin bảo mật:"
"Tại sao tôi chỉ quên mã mở khóa, mà ngoài việc tạo mã mở khóa mới, tôi lại phải thiết lập lại cả sinh trắc học?",Việc thiết lập lại mã mở khóa và sinh trắc học khi bạn quên mã mở khóa và không thể dùng tên đăng nhập và mật khẩu đăng nhập để đăng nhập lại ứng dụng nhằm đảm bảo tính bảo mật cho ứng dụng của bạn.
Tôi muốn lấy lại mật khẩu tạm thời do Techcombank cấp do đã xóa SMS thì làm thế nào?,"Bạn có thể sử dụng tính năng Quên mật khẩu để tạo mới mật khẩu đăng nhập bằng cách cung cấp thông tin CMND/CCCD, số thẻ, mã PIN thẻ và mã xác thực gửi về số điện thoại đã đăng ký. Trường hợp bạn chưa có thẻ, vui lòng mang CMND cần tới CN/PGD Techcombank gần nhất để được hỗ trợ cấp lại mật khẩu."
Điều gì sẽ xảy ra khi tôi nhập sai mã mở khóa vượt quá số lần cho phép?,"Nếu nhập sai mã mở khóa quá 3 lần, bạn phải đăng nhập lại ứng dụng bằng tên đăng nhập và mật khẩu, sau đó đăng ký lại thiết bị bằng cách tạo mã mở khóa mới và thiết lập lại nhận diện sinh trắc học."
Tôi quên mật khẩu đăng nhập thì có thể được cấp lại mật khẩu bằng cách nào?,"Bạn có thể sử dụng tính năng Quên mật khẩu để tạo mới mật khẩu đăng nhập bằng cách cung cấp thông tin CMND/CCCD, số thẻ, mã PIN thẻ và mã xác thực gửi về số điện thoại đã đăng ký. Trường hợp bạn chưa có thẻ, vui lòng mang CMND cần tới CN/PGD Techcombank gần nhất để được hỗ trợ cấp lại mật khẩu."
Tôi quên tên đăng nhập thì có thể được cấp lại tên đăng nhập bằng cách nào?,"Bạn có thể sử dụng tính năng Quên tên đăng nhập để tạo mới mật khẩu đăng nhập bằng cách cung cấp thông tin CMND/CCCD, số thẻ, mã PIN thẻ và mã xác thực gửi về số điện thoại đã đăng ký. Trường hợp bạn chưa có thẻ, vui lòng mang CMND cần tới CN/PGD Techcombank gần nhất để được hỗ trợ cấp lại tên đăng nhập. Mở tài khoản và đăng ký dịch vụ ngân hàng điện tử qua hình thức eKYC:"
Mở tài khoản thanh toán theo phương thức định danh điện tử eKYC là gì?,"Tài khoản định danh điện tử là phương thức đăng ký tài khoản thanh toán và dịch vụ ngân hàng điện tử mới trên ứng dụng của Techcombank mà không cần phải đến Chi nhánh của Techcombank. Bạn chỉ cần sử dụng số điện thoại, CMND/CCCD còn hiệu lực và hợp lệ là có thể đăng ký."
Tôi có thể sử dụng các Dịch vụ gì theo phương thức này?,"Với tài khoản thanh toán và dịch vụ Ngân hàng số đăng ký theo phương thức eKYC, bạn có thể sử dụng các dịch vụ cơ bản của Techcombank như chuyển tiền, rút tiền mặt qua ứng dụng, chuyển tiền qua CMND, thanh toán hóa đơn, gửi tiết kiệm trực tuyến... Một số tính năng như đầu tư, kết nối với công ty chứng khoán, hay thay đổi hạn mức chuyển khoản sẽ chưa thể sử dụng ngay. Hạn mức giao dịch của tài khoản thanh toán của bạn là: 100 triệu đồng/tháng"
Nếu tôi mở thẻ Debit (thẻ thanh toán Quốc tế) trong luồng đăng ký thì hạn mức giao dịch của tôi có bị thay đổi không?,Hạn mức giao dịch của bạn như sau: - Hạn mức của thẻ là 40 triệu đồng/tháng; - Hạn mức giao dịch của tài khoản thanh toán là 60 triệu đồng/tháng.
Tôi muốn thay đổi hạn mức với tài khoản định danh điện tử có được không? Làm thế nào để tôi thay đổi hạn mức?,"Bạn vui lòng đến chi nhánh Techcombank để được hỗ trợ, đồng thời nâng cấp sử dụng dịch vụ đầy đủ. Sau khi nâng cấp tài khoản, bạn có thể giao dịch với hạn mức 500 triệu đồng/ ngày và chủ động thay đổi hạn mức giao dịch trên ứng dụng của Techcombank."
Người nhà tôi không ở Việt Nam thì có được đăng ký được không?,"Tài khoản được mở bằng hình thức định danh điện tử hiện nay chỉ áp dụng cho công dân Việt Nam cư trú tại Việt Nam. Trường hợp đang ở nước ngoài, Trường hợp đang ở nước ngoài, chúng tôi khuyến nghị bạn không đăng ký tài khoản theo hình thức này."
Tôi có thể dùng CCCD gắn chip để định danh tài khoản không?,"Hoàn toàn được. Bạn có thể sử dụng các Giấy tờ tùy thân sau để đăng ký mở TK và dịch vụ NHĐT theo hình thức eKYC: - CMND 9 số; - CMND 12 số; - CCCD; - CCCD gắn chíp. Giấy tờ tùy thân sử dụng để đăng ký yêu cầu vẫn còn hiệu lực, không bị nhàu nát, cắt góc, đục lỗ, không chấp nhận giấy bản sao, photo."
Tôi đăng ký định danh điện tử nhưng sau đó ra Chi nhánh để nâng cấp tài khoản luôn được không?,"Sau khi đăng ký tài khoản thành công qua hình thức định danh điện tử, bạn vui lòng đến Chi nhánh của Techcombank sau 48h để cập nhật thông tin."
"Tôi có người quen làm đại lý bảo hiểm xe ô tô, vậy tôi có thể không mua bảo hiểm xe ô tô tại Techcombank được không?","Khách hàng có thể tự lưa chọn các Công ty Bảo hiểm phù hợp cho mình, tuy nhiên Techcombank khuyến khích Khách hàng nên cân nhắc và lựa chọn dịch vụ này tại Techcombank vì sẽ mang lại các tiện ích và quyền lợi ưu đãi cho Khách hàng như: - Được hưởng phí bảo hiểm ưu đãi tới 30% so với giá thị trường - Được bảo hiểm miễn phí 3 quyền lợi mở rộng (chọn cơ sở sữa chữa, thay mới không khấu hao, động cơ   bị thiệt hại do hiện tượng thủy kích) - Được đơn giản hơn về các thủ tục hồ sơ bảo hiểm trước khi giải ngân - Được cam kết dịch vụ chất lượng trước và sau bán hàng bởi các Đối tác bảo hiểm dẫn đầu thị trường - Được Techcombank hỗ trợ và tư vấn thông tin và thủ tục bồi thường sau này Quan trọng nhất Khách hàng có thể được tư vấn và chọn lựa ngay tại Techcombank các Công ty Bảo hiểm dẫn đầu thị trường Việt nam đang hợp tác với Techcombank để đem đến cho Khách hàng sự đơn giản và thuận tiện về thủ tục với cam kết đảm bảo dịch vụ chất lượng trước và sau bán hàng dành cho Khách hàng của Techcombank."
"Khi xảy ra tai nạn hoặc đụng xe trên đường , tôi cần gọi cho ai? Techcombank hay công ty bảo hiểm?",Khách hàng có thể gọi cho đường dây nóng của Công ty Bảo hiểm (số điện thoại được ghi trong giấy chứng nhận bảo hiểm – giấy tờ này luôn được Khách hàng mang theo trên đường) hoặc gọi đường dây nóng của Techcombank để được hướng dẫn và hỗ trợ.
Tôi đã có Hợp đồng bảo hiểm xe ô tô từ trước nhưng không có 3 sản phẩm quyền lợi mở rộng. Vậy tôi có bắt buộc phải mua bổ sung hay không?,Về quản trị rủi ro của Ngân hàng: Điều kiện có 3 quyền lợi mở rộng là điều kiện bắt buộc Về quyền lợi của khách hàng: 3 quyền lợi mở rộng này sẽ giúp tăng tính toàn diện và đầy đủ về quyền lợi bảo hiểm cho giá trị tài sản của Khách hàng trước những rủi ro không thể lường trước gây thiệt hại về kinh tế cho khách hàng. Do vậy Khách hàng cần và nên mua đủ 3 quyền lợi mở rộng này trong bất kỳ trường hợp nào.
"Tôi mua xe ô tô và được showroom tặng hợp đồng bảo hiểm xe, vậy hợp đồng này có đủ tính hợp lệ để hoàn tất hồ sơ vay thế chấp với Techcombank hay không?","Đối với những hợp đồng Bảo hiểm Khách hàng mua hoặc được tặng của các Công ty Bảo hiểm nằm ngoài danh sách các đối tác của Techcombank, Khách hàng cần thực hiện thủ tục xác nhận 3 bên chuyển quyền thụ hưởng bảo hiểm cho Techcombank (theo mẫu của Techcombank). Nếu mua bảo hiểm của các đối tác BH của Techcombank, Khách hàng sẽ không phải làm thủ tục này."
Có gì khác biệt nếu như tôi đến Techcombank chọn gói vay tiền mua ô tô đồng thời vay tiền mua bảo hiểm thay vì tôi tự túc trả phí bảo hiểm?,"Khi chọn gói SP vay chi trả phí BH, sẽ mang lại cho KH các tiện ích và quyền lợi như sau: + Khách hàng sẽ được hưởng mức phí ưu đãi hơn, thấp hơn 20% so với mua từng năm + Khách hàng luôn yên tâm và không phải mất thời gian gia hạn bảo hiểm hàng năm vì tài sản của Khách hàng sẽ được bảo hiểm trong suốt thời gian vay tại Techcombank + Khách hàng không phải đóng ngay một khoản phí bảo hiểm lớn, thay vào đó số tiền này sẽ được chia nhỏ và Khách hàng sẽ đóng gộp với tiền vay và lãi hàng tháng."
"Tôi mua ô tô và cũng đã có bảo hiểm từ trước, nay tôi muốn sử dụng chiếc ô tô này làm tài sản đảm bảo để vay thế chấp tại Techcombank. Như vậy tôi có cần mua thêm bảo hiểm tại Tehcombank hay không?","Để đảm bảo an toàn cho tài sản của Khách hàng đồng thời hỗ trợ ngân hàng quản trị rủi ro, tại các ngân hàng hiện nay trong đó có Techcombank có yêu cầu thời hạn của hợp đồng bảo hiểm xe ô tô ít nhất một năm trở lên. Như vậy, nếu Khách hàng đã mua bảo hiểm xe ô tô cho mình từ trước, Khách hàng có thể kiểm tra xem thời gian đã mua bảo hiểm là bao lâu và nếu thiếu. có thể được yêu cầu mua bổ sung để đủ một năm  hoặc được khuyến khích mua cho thời gian còn lại của khoản vay tại Ngân hàng."
"Tại các Ngân hàng khác, sau khi giải ngân khoản vay, Khách hàng chỉ được giữ bản sao của Hợp đồng bảo hiểm trong khi đó nếu mua bảo hiểm xe ô tô tại Techcombank, Khách hàng sẽ được giữ bộ hợp đồng gốc , vậy việc được giữ bộ hợp đồng gốc có ưu điểm gì?","Trường hợp Khách hàng chỉ được giữ bản sao của Hợp đồng bảo hiểm, để hoàn tất thủ tục bồi thường với Công ty BH, Khách hàng sẽ mất thời gian và chi phí đi lại để xin xác nhận của NH. Việc Khách hàng được lưu giữ bộ hợp đồng BH gốc sẽ giúp Khách hàng thuận lợi và nhanh chóng hơn rất nhiều trong quá trình thực hiện bồi thường nếu có rủi ro hay tổn thất xảy ra."
Tôi có thể mua với giá trị bảo hiểm thấp hơn giá trị xe được không?,"Với Ngân hàng, việc mua bảo hiểm thấp hơn 100% giá trị xe sẽ không ảnh hưởng nhiều đến vấn đề quản trị rủi ro, tuy nhiên sẽ rất ảnh hưởng đến quyền lợi của Khách hàng, như sau: + Trưởng hợp khi xảy ra tổn thất, khách hàng phải đưa xe vào gara sửa chữa hoặc thay linh kiện hoặc phụ tùng mới, Công ty Bảo hiểm sẽ chỉ chi trả  một phần tương đương với tỷ lệ % chi phí sửa chữa hoặc giá trị của linh kiện hay phụ tùng thay thế, chính vì vậy, Khách hàng sẽ rất thiệt thòi khi phải mất thêm chi phí không nhỏ để trả tiền sửa chữa xe hay mua linh kiện hoặc phụ tùng mới thay thế. + Việc mua bảo hiểm không đủ giá trị xe, thủ tục tiến hành bồi thường sẽ phức tạp hơn liên quan đến việc thẩm định và định giá tổn thất theo tỷ lệ thấp hơn với giá trị bồi thường thực tế. Khách hàng sẽ mất nhiều thời gian hơn để được nhận tiền bồi thường. Chính vì vậy để đảm bảo tài sản của Khách hàng luôn được bảo hiểm đầy đủ và toàn diện, Khách hàng cần mua bảo hiểm cho 100% giá trị xe. Bảo hiểm nhà tư nhân/chung cư tại Techcombank"
Tại sao cần mua bảo hiểm nhà tư nhân?,"Bảo hiểm nhà tư nhân sẽ giúp Khách hàng hoàn toàn an tâm khi tài sản của mình luôn có Công ty Bảo hiểm bảo vệ 24/24 và hỗ trợ mọi chi phí sửa chữa và xây dựng căn nhà, cũng như chi phí sửa chữa thay thế bộ phận cho xe nếu nhà và xe gặp các sự cố. Ngoài ra, để hỗ trợ ngân hàng quản trị rủi ro hiệu quả, việc tham gia bảo hiểm nhà tư nhân là một trong các điều kiện cần và đủ đối với Hợp đồng Vay mua nhà của khách hàng. Điều kiện này đã được qui định trong thủ tục vay tại Techcombank."
"Tôi có người quen làm đại lý bảo hiểm, vậy tôi có thể không mua bảo hiểm tại Techcombank không?","Khách hàng có thể tự lưa chọn các Công ty Bảo hiểm phù hợp cho mình, tuy nhiên Techcombank khuyến khích Khách hàng nên cân nhắc và lựa chọn dịch vụ này tại Techcombank vì sẽ mang lại các tiện ích và quyền lợi ưu đãi cho Khách hàng như: Phí bảo hiểm đã được Techcombank thỏa thuận với Công ty bảo hiểm để cấp cho khách hàng của Techcombank với mức phí ưu đãi so với giá thị trường Hợp đồng bảo hiểm đã được Techcombank thỏa thuận với đối tác để đảm bảo tối đa quyền lợi cho khách hàng. Được đơn giản hơn về các thủ tục hồ sơ bảo hiểm trước khi giải ngân Được Techcombank hỗ trợ và tư vấn thông tin và thủ tục bồi thường sau này Quan trọng nhất Khách hàng có thể được tư vấn và chọn lựa ngay tại Techcombank các Công ty Bảo hiểm dẫn đầu thị trường Việt nam đang hợp tác với Techcombank để đem đến cho Khách hàng sự đơn giản và thuận tiện về thủ tục với cam kết đảm bảo dịch vụ chất lượng trước và sau bán hàng dành cho Khách hàng của Techcombank."
"Khi sự kiện bảo hiểm xảy ra, tôi cần gọi cho ai? Techcombank hay công ty bảo hiểm?",Khách hàng có thể gọi cho đường dây nóng của Công ty Bảo hiểm (số điện thoại được ghi trong giấy chứng nhận bảo hiểm nhà của Khách hàng) hoặc liên hệ chuyên viên Techcombank phụ trách khoản vay của khách hàng để được hướng dẫn và hỗ trợ.
"Tôi mua nhà và đã có bảo hiểm từ trước, nay tôi muốn sử dụng ngôi nhà làm tài sản thế chấp tại Ngân hàng. Như vậy, tôi có cần mua thêm bảo hiểm tại Techcombank không?","Để đảm bảo an toàn cho tài sản của Khách hàng đồng thời hỗ trợ ngân hàng quản trị rủi ro, tại các ngân hàng hiện nay trong đó có Techcombank có yêu cầu thời hạn của hợp đồng bảo hiểm nhà ít nhất một năm trở lên. Như vậy, nếu Khách hàng đã mua bảo hiểm nhà từ trước, Khách hàng có thể kiểm tra xem thời gian đã mua bảo hiểm là bao lâu và nếu thiếu có thể mua bổ sung để đủ một năm hoặc được khuyến khích mua cho thời gian còn lại của khoản vay tại Ngân hàng."
Tôi mua nhà và được chủ dự án tặng bảo hiểm. Vậy hợp đồng bảo hiểm này có đủ tính hợp lệ để hoàn tất hồ sơ vay thế chấp tại Techcombank không?,"Đối với những hợp đồng Bảo hiểm Khách hàng mua hoặc được tặng tại Công ty Bảo hiểm nằm ngoài danh sách đối tác của Techcombank, bộ hồ sơ bảo hiểm sẽ được kiểm tra về tính đầy đủ, hợp lệ quy định của Ngân hàng. Nếu mua bảo hiểm của các đối tác bảo hiểm của Techcombank, Khách hàng sẽ không phải làm thủ tục này. Bảo hiểm tín dụng cá nhân cho Khách hàng vay thế chấp tại Techcombank"
Quyền lợi cụ thể của sản phẩm cụ thể là gì?,"Khi khách hàng tham gia khoản vay tại Techcombank hoàn toàn yên tâm trong việc thu xếp trả nợ ngân hàng khi có những biến cố không lường trước trong cuộc sống. Cụ thể như: Khi có sự kiện bảo hiểm xảy ra, như người được bảo hiểm không thể tạo ra thu nhập do nguyên nhân tai nạn hay sức khỏe dẫn đến Thương tật toàn bộ vĩnh viễn hay Tử vong.như: Thương tật toàn bộ & vĩnh viễn hay Tử vong. Công ty Bảo hiểm (Đối tác của Techcombank) sẽ thay mặt Khách hàng thanh toán toàn bộ dư nợ còn lại của khoản vay của Khách hàng cho Techcombank."
"Nếu tôi trả nợ trước thời hạn, tôi có được tiếp tục bảo hiểm hay không?",Hợp đồng bảo hiểm sẽ tự động chấm dứt sau khi Khách hàng thanh toán khoản vay (gốc và lãi) tại Techcombank.
Khi tham gia sản phẩm này tại Techcombank có khác gì với một sản phẩm bảo hiểm nhân thọ bên ngoài?,"Thứ nhất, đây là một sản phẩm bảo hiểm tín dụng được Techcombank thiết kế riêng biệt dành cho khách hàng của mình. Chính vì vậy khoản phí rất thấp nhưng quyền lợi lại rất lớn và luôn đảm bảo tương đương khoản vay hiện tại của khách hàng. Thứ hai là để tham gia một hợp đồng bảo hiểm nhân thọ ngoài thị trường đòi hỏi yêu cầu khá khắt khe về thủ tục và điều kiện tham gia. Với dịch vụ mà Techcombank cung cấp sẽ hoàn toàn tiện ích cho khách hàng: Thủ tục đơn giản và chuyên nghiệp giúp khách hàng hoàn toàn yên tâm và thoải mái."
Thời gian bảo hiểm có hiệu lực đến khi nào?,Khách hàng sẽ được bảo hiểm trong suốt thời hạn của khoản vay mua nhà tại Techcombank.
Khi tham gia bảo hiểm tôi có phải đi khám sức khỏe không?,"Khách hàng chỉ phải trả lời trung thực một số câu hỏi liên quan cơ bản đến sức khỏe của mình. Phần lớn khách hàng không phải đi khám sức khỏe khi tham gia bảo hiểm. Tuy nhiên, căn cứ vào một số câu trả lời trong Hồ sơ yêu cầu bảo hiểm liên quan đến sức khỏe thì Công ty bảo hiểm sẽ xem xét từng trường hợp mời khách hàng đi khám. Dịch vụ khám sức khỏe là quyên lợi cho khách hàng và miễn phí."
Cả hai vợ chồng tôi đều được bảo hiểm có được không?,"Thông thường người được bảo hiểm chính là người tạo ra nguồn thu nhập chính cho gia đình. Tuy nhiên, cả 2 vợ chồng cũng có thể được bảo hiểm (Đồng bảo hiểm) trong hợp đồng, khi đó khách hàng phân bổ tỷ lệ % bảo hiểm cho 2 người và tổng quyền lợi bảo hiểm không vượt quá 100% giá trị khoản vay."
Khi xảy ra sự kiện bảo hiểm thì tôi liên hệ công ty bảo hiểm hay Techcombank?,Khách hàng có thể gọi cho đường dây nóng của Công ty Bảo hiểm (số điện thoại được ghi trong giấy chứng nhận bảo hiểm nhà của Khách hàng hoặc gọi đường dây nóng của Techcombank để được hướng dẫn và hỗ trợ. Bảo hiểm tín dụng cá nhân cho Khách hàng vay tiêu dùng tín chấp không tài sản đảm bảo tại Techcombank
Công ty Bảo hiểm sẽ bảo hiểm cho những trường hợp rủi ro nào?,Khi Khách hàng không còn khả năng để tạo thu nhập vì lý do rủi ro sức khỏe (tai nạn hoặc bệnh tật).
Chương trình bảo hiểm Du lịch toàn cầu được Techcombank mua tặng cho khách hàng hay Khách hàng phải tự chi trả phí để hưởng quyền lợi bảo hiểm và dịch vụ đi kèm?,Đây là sản phẩm mà Techcombank mua tặng ngay cho tất cả các khách hàng phát hành Thẻ thanh toán và tín dụng quốc tế Techcombank Visa loại Platinum.
Thời điểm bắt đầu hiệu lực của bảo hiểm Du lịch toàn cầu cho chủ thẻ Visa Platinum là khi nào?,Thời hạn bảo hiểm dành cho chủ thẻ tương đương với thời hạn sử dụng của thẻ Visa Platinum.
Quyền lợi của sản phẩm bảo hiểm du lịch toàn cầu dành cho chủ thẻ Techcombank Visa hạng Platinum cụ thể là gì?,"Chủ thẻ Visa Platinum của Techcombank được hưởng các quyền lợi bảo hiểm du lịch toàn cầu như sau: Tóm tắt quyền lợi bảo hiểm thẻ Visa Platinum Quyền lợi tử vong và thương tật do tai nạn có giới hạn tối đa 42.000.000 VNĐ cho mỗi chủ thẻ. Người được bảo hiểm dưới 65 tuổi có giới hạn quyền lợi tối đa 10.500.000.000 VNĐ cho mỗi chủ thẻ. Người được bảo hiểm từ 65 tuổi trở lên có giới hạn quyền lợi tối đa 5.250.000.000 VNĐ cho mỗi chủ thẻ. Quyền lợi hành lý cá nhân bao gồm máy tính xách tay, thanh toán cho tổn thất đối với hành lý, quần áo, tư trang, máy tính xách tay bị mất hoặc hư hỏng trong chuyến đi, có giới hạn tối đa 42.000.000 VNĐ. Trong đó tối đa 10.500.000 VNĐ cho mỗi đồ vật hoặc cặp hoặc bộ đồ vật, và tối đa 21.000.000 VNĐ cho máy tính xách tay. Người được bảo hiểm mở rộng: ""Chủ thẻ"" được hiểu là ""Chủ thẻ chính"" hoặc ""Chủ thẻ phụ"" của một thẻ Visa Platinum còn giá trị sử dụng. Quyền lợi này thuộc loại mở rộng bảo hiểm. Dịch vụ trợ giúp toàn cầu International SOS thuộc loại mở rộng bảo hiểm. Dịch vụ hỗ trợ và khẩn cấp toàn cầu luôn sẵn sàng 24/7 để hỗ trợ người được bảo hiểm trong suốt chuyến đi và được cung cấp hoàn toàn miễn phí. Chỉ cần thực hiện cuộc gọi đến tổng đài Trợ giúp Khẩn cấp của International SOS bất cứ lúc nào để nhận các dịch vụ hỗ trợ. Đường dây nóng hỗ trợ toàn cầu 24/7 bao gồm cả tiếng Anh: 84-28 3827 5328."
"Khách bán Chứng chỉ Quỹ phải trả các loại phí, thuế gì?",Phí Quỹ mua lại Chứng chỉ Quỹ và thuế Thu nhập cá nhân
Khách hàng bán Chứng chỉ Quỹ nhận được tiền mua chậm nhất khi nào (ngày giao dịch gọi tắt là ngày T)?,T+5
Số tiền tối thiểu khi KH mua Chứng chỉ Quỹ là bao nhiêu?,"10,000 VNĐ"
Chứng chỉ Quỹ mở có niêm yết trên thị trường chứng khoán không?,"Khác với chứng chỉ Quỹ đóng đại chúng, chứng chỉ Quỹ mở không niêm yết. Khi có nhu cầu giao dịch khách hàng có thể giao dịch tại các Đại lý phân phối được chỉ định của quỹ."
Kỳ hạn của Chứng chỉ bao lâu?,Chứng chỉ Quỹ không xác định kỳ hạn.
"Khách mua Chứng chỉ Quỹ phải trả các loại phí, thuế gì?",Phí phát hành Chứng chỉ Quỹ (phí mua Chứng chỉ Quỹ) và Phí chuyển tiền (nếu có)
Khách hàng có thể bán một phần Chứng chỉ Quỹ không?,"Có, tối thiểu 10 (mười) đơn vị Chứng chỉ Quỹ"
NAV là gì?,"Là giá trị tài sản ròng của Quỹ, được xác định bằng tổng giá trị thị trường các tài sản và các khoản đầu tư do Quỹ sở hữu trừ đi các nghĩa vụ nợ của Quỹ được tính đến ngày gần nhất trước Ngày Định Giá."
Ngày Giao dịch Chứng chỉ Quỹ là?,"Là ngày mà khách hàng có thể mua, bán, chuyển đổi Quỹ hoặc chuyển nhượng Đơn vị Quỹ. Hiện nay là tất cả các ngày làm việc trong tuần (không bao gồm thứ Bảy)"
Khách hàng sở hữu bao nhiêu Chứng chỉ Quỹ mới được tham dự đại hội nhà đầu tư?,Chỉ cần là Nhà đầu tư đang sở hữu Chứng chỉ Quỹ
Lệnh bán tối thiểu là bao nhiêu đơn vị Chứng chỉ Quỹ?,"10 (mười) đơn vị Quỹ, ngoại trừ trường hợp Lệnh Bán yêu cầu giảm số Đơn Vị Quỹ nắm giữ về 0 (không)"
"Ngân hàng giám sát Quỹ TCBF, TCEF là ngân hàng nào?",Ngân hàng TNHH Một Thành Viên Standard Chartered (Việt Nam)
Số dư Chứng chỉ Quỹ tối thiểu khách hàng phải giữ trong tài khoản đầu tư là bao nhiêu?,Không yêu cầu số dư tối thiểu
Ngày khách hàng nhận tiền dự kiến khi bán Chứng chỉ Quỹ TCEF (ngày giao dịch gọi tắt là ngày T)?,"T+3 (không tính t7, CN, ngày nghỉ lễ)"
Quỹ đầu tư trái phiếu là gì?,"Là quỹ mở đầu tư vào các loại trái phiếu, giấy tờ có giá với tỷ trọng đầu tư vào các tài sản này chiếm tối đa tám mươi phần trăm (80%) giá trị tài sản ròng."
Thời điểm đóng sổ lệnh là gì?,"Là thời điểm cuối cùng Đại lý phân phối nhận lệnh mua, bán Chứng chỉ Quỹ của khách hàng"
Khách mua Chứng chỉ Quỹ cần chuyển thành công tiền mua Chứng chỉ Quỹ đến tài khoản Quỹ lúc nào?,Trước thời điểm đóng số lệnh
Ngày khách hàng nhận tiền dự kiến khi bán Chứng chỉ Quỹ TCBF (ngày giao dịch gọi tắt là ngày T)?,Ngày T
Thời điểm đóng sổ lệnh là lúc nào nếu ngày giao dịch gọi là ngày T?,14h45 ngày T-1
"Quỹ FlexiCA$H khác gì với quỹ TCBF, TCEF?","Chiến lược đầu tư và danh mục đầu tư của Quỹ FlexiCA$H khác với quỹ TCBF và TCEF. Quỹ FlexiCA$H đầu tư chủ yếu vào trái phiếu chính phủ, trái phiếu ngân hàng, chứng chỉ tiền gửi với khả năng thanh khoản cao và linh hoạt. Chính vì thế nhóm khách hàng Quỹ FlexiCA$H hướng tới là các khách hàng đầu tư ngắn hạn dưới 03 tháng với lãi suất kỳ vọng là 6%/năm."
Quỹ FlexiCA$H là gì?,"Quỹ FlexiCA$H là tên viết tắt của Quỹ Đầu tư Trái phiếu Linh hoạt Techcom, một quỹ mở được quản lý bởi Công ty Quản lý Quỹ Kỹ Thương. Một số kiến thức cơ bản/ câu hỏi về trái phiếu iBond"
Giá trị tối thiểu của một hợp đồng mua bán trái phiếu doanh nghiệp iBond là bao nhiêu?,1 triệu VNĐ mệnh giá trái phiếu
Khách hàng có thể tham gia đặt mua trái phiếu doanh nghiệp iBond vào những ngày nào?,"Tất cả các ngày làm việc (trừ ngày nghỉ, ngày lễ)"
Khách hàng mua trái phiếu iBond được cầm cố thế chấp trái phiếu để vay tại Techcombank?,"Có, đối với các trái phiếu được Techcombank phê duyệt nhận làm tài sản đảm bảo vay cầm cố theo chính sách cho vay của Techcombank tại từng thời kỳ"
Lãi suất đầu tư cuối kỳ trái phiếu iBond theo thông báo của TCBS có phải chịu thuế thu nhập cá nhân nữa không?,Không. Lãi suất đầu tư khách hàng nhận được là giá trị sau thuế
"Chính sách ""Mua càng lớn, giá càng nhỏ"" áp dụng cho đối tượng khách hàng nào?",Tất cả các khách hàng mua trái phiếu doanh nghiệp iBond Prix của TCBS. Mức ưu đãi sẽ áp dụng theo các mức tương ứng với số tiền khách hàng đã và đang đầu tư vào trái phiếu tại TCBS. Cụ thể khách hàng sẽ được hưởng 2 ưu đãi trong 1 lần đầu tư: Các mức ưu đãi bậc thang trên giá trị giao dịch đang thực hiện (tính theo mệnh giá trái phiếu) (VIP 1) Các mức ưu đãi tính trên Phân hạng theo quy định về xếp hạng khách hàng tại TCBS  (VIP2)
Khách mua trái phiếu doanh nghiệp iBond có được nhận lãi trái phiếu (coupon) theo quy định của trái phiếu?,"Khách hàng mua trái phiếu được hưởng toàn bộ quyền lợi của Người sở hữu trái phiếu, bao gồm quyền nhận lãi trái phiếu (nếu Khách hàng vẫn sở hữu trái phiếu tại ngày chốt quyền gần nhất trước ngày trả lãi)"
"Sau khi hoàn thành giao dịch mua trái phiếu iBond, TCBS cung cấp cho tôi giấy tờ gì?","Khách hàng có thể xem lại bộ hợp đồng online đã ký tại TCInvest. Ngoài ra, TCBS có thể cấp cho khách hàng 1 bản Xác nhận giao dịch tải từ hệ thống TCInvest."
Chương trình Trái tức sinh lời áp dụng khi nào?,#NAME?
"Đối với sản phẩm iBond Pro 180, Khách hàng có thể có các kỳ hạn đầu tư nào?",Bằng kỳ hạn còn lại của trái phiếu hoặc tại các ngày tròn 6 tháng kể từ ngày mua (ngày môi giới thể hiện chi tiết tại Hợp đồng môi giới) với điều kiện không xảy ra sự kiện vi phạm theo Bản Công Bố thông tin của trái phiếu thể hiện bằng việc trái phiếu bị trái chủ gửi yêu cầu tuyên bố trái phiếu đến hạn.
"Đối với sản phẩm iBond Pro 360, Pro180, Pro90, vào ngày môi giới cuối cùng, nếu khách hàng lựa chọn tiếp tục giữ trái phiếu đến ngày đáo hạn thì phải làm thủ tục gì?",Khách hàng không phải làm gì cả.
Thời hạn vay của sản phẩm cho vay cầm cố trái phiếu?,Theo quy định của TCB theo từng thời kỳ đối với mỗi loại sản phẩm
"Đối với sản phẩm iBond Pro 90, Khách hàng có thể có các kỳ hạn đầu tư nào?",Bằng kỳ hạn còn lại của trái phiếu hoặc tại các ngày tròn 3 tháng kể từ ngày mua (ngày môi giới thể hiện chi tiết tại Hợp đồng môi giới) với điều kiện không xảy ra sự kiện vi phạm theo Bản Công Bố thông tin của trái phiếu thể hiện bằng việc trái phiếu bị trái chủ gửi yêu cầu tuyên bố trái phiếu đến hạn.
Ý nghĩa của chương trình Trái tức sinh lời?,"Lãi coupon trả định kỳ mà khách hàng nhận được khi mua sẽ được TCBS tự động đặt mua chứng chỉ quỹ TCBF/TCEF/TCFF,... để tái đầu tư giúp khách hàng nhận được lợi nhuận cao hơn. Lãi sinh lãi."
"Khi chọn chương trình trái tức sinh lời, khách hàng có phải thao tác gì vào mỗi dịp trả coupon không?","Không, TCBS sẽ tự động thực hiện đặt lệnh cho khách hàng"
Tôi có nhu cầu bán lại trái phiếu sau 9 tháng thì nên chọn nhu cầu nào?,Quý khách có thể chọn nhu cầu Dòng tiền định sẵn hoặc Tích lũy bền vững (với mã trái phiếu còn 9 tháng nữa sẽ đáo hạn)
"Đối với sản phẩm iBond Pro 360, Khách hàng có thể có các kỳ hạn đầu tư nào?",Bằng kỳ hạn còn lại của trái phiếu hoặc tại các ngày tròn 12 tháng kể từ ngày mua (ngày môi giới thể hiện chi tiết tại Hợp đồng môi giới) với điều kiện không xảy ra sự kiện vi phạm theo Bản Công Bố thông tin của trái phiếu thể hiện bằng việc trái phiếu bị trái chủ gửi yêu cầu tuyên bố trái phiếu đến hạn.
Sản phẩm trái phiếu iBond nào không có ngày và số lần môi giới được xác định trước?,iBond Prix là sản phẩm không kèm hợp đồng môi giới. Khách hàng có nhu cầu bán lại có thể sử dụng thỏa thuận trái phiếu iConnect
Tôi muốn nắm giữ trái phiếu đến đáo hạn thì nên chọn nhu cầu nào?,Quý khách có thể chọn Nhu cầu tích lũy bền vững hoặc Dòng tiền định sẵn (thời gian nắm giữ bằng thời gian tính đến lúc trái phiếu đáo hạn)
"Trong giao dịch ""Mua càng lớn, giá càng nhỏ"", khi nào 01 hợp đồng được tính vào tài sản đang nắm giữ của khách hàng, và là cơ sở để tính cho mức điều chỉnh giảm giá VIP2 cho giao dịch tiếp theo?","Khi giao dịch được ghi nhận đã thanh toán (TCBS cắt tiền thành công, gửi tin nhắn xác nhận cho khách hàng)."
"Trong chương trình ""Trái tức sinh lời"", coupon sẽ được tái đầu tư vào sản phẩm nào?",Hiện TCBS  đang tái đầu tư vào quỹ TCBF/TCEF/TCFF/... Các sản phẩm đầu tư này đang tăng trưởng rất ổn định lên đến 10%/năm.
Nếu không được bán trái phiếu trên iConnect thì tôi có được chuyển nhượng cho nhà đầu tư khác không? Thủ tục thế nào?,Quý khách có thể chủ động chuyển nhượng cho nhà đầu tư khác bằng cách ký hợp đồng chuyển nhượng tại trụ sở của TCBS Lưu ý: TCBS không hỗ trợ tìm đối tác và tính giá.
Vì sao cùng một mã trái phiếu nhưng chọn nhu cầu khác nhau thì lãi suất lại khác nhau?,"Giá sẽ được chiết khấu dựa trên thời gian nắm giữ trái phiếu, thời gian nắm giữ càng dài thì chiết khấu giá càng nhiều, lãi suất khách hàng nhận được sẽ càng cao."
Sản phẩm Đầu tư linh hoạt là gì?,"Sản phẩm đáp ứng nhu cầu của những khách hàng năng động, mua đi bán lại trái phiếu để quay vòng liên tục nhằm kiếm lời. TCBS cung cấp giải pháp nền tảng giao dịch iConnect giúp khách hàng dễ dàng kết nối và mua bán bất kỳ lúc nào với quy mô giao dịch thành công hàng nghìn tỷ đồng/tháng."
Vì sao đều là mã iBond nhưng khi chọn nhu cầu “Tích lũy bền vững” và “Dòng tiền định sẵn” lại không được bán trên iConnect?,"Hai sản phẩm này được xây dựng trên cơ sở đáp ứng nhu cầu đầu tư là lãi suất cao hoặc có đảm bảo thanh khoản. Đây là những ưu điểm vượt trội, khách hàng đã được nhận chiết khấu trên giá ngay khi mua so với các sản phẩm được bán lại trên iConnect."
Sản phẩm Dòng tiền định sẵn là gì?,Sản phẩm dành cho khách hàng có nhu cầu bán lại tại một thời điểm định sẵn (3-6-12 tháng...) với thanh khoản và lợi tức đầu tư được đảm bảo theo hợp đồng môi giới ký với TCBS. Loại trái phiếu này không được bán trên mục thỏa thuận trái phiếu iConnect trong thời hạn nắm giữ. 100% các hợp đồng Trái phiếu Định sẵn ký với TCBS đã được tất toán thành công đúng hạn đúng lãi suất trong toàn bộ lịch sử gần 1 thập kỷ của sản phẩm.
"Sau khi đã thực hiện giao dịch thành công, tôi muốn thay đổi sản phẩm thì có được không?","Không. Sau khi giao dịch thành công, quý khách không thay đổi được lựa chọn của mình."
"Đối với sản phẩm có ngày và số lần môi giới được xác định trước, thông tin này được thể hiện ở đâu?",Được thể hiện trong Hợp đồng môi giới bán trái phiếu (HD03)
Sản phẩm Tích lũy bền vững là gì?,"Là sản phẩm đáp ứng nhu cầu đầu tư trái phiếu dài hạn, nắm giữ đến hết kỳ hạn trái phiếu với lãi suất cao hơn hẳn tiết kiệm."
